nr,i1_legid,i1_rcs_p,i1_rcs_e,i1_dep_1_p,i1_dep_1_e,i1_dep_1_place,i1_rcf_1_p,i1_rcf_1_e,i1_rcf_1_place,i1_dep_2_p,i1_dep_2_e,i1_dep_2_place,i1_rcf_2_p,i1_rcf_2_e,i1_rcf_2_place,i1_dep_3_p,i1_dep_3_e,i1_dep_3_place,i1_rcf_3_p,i1_rcf_3_e,i1_rcf_3_place,i1_dlv_p,i1_dlv_e,i1_hops,i2_legid,i2_rcs_p,i2_rcs_e,i2_dep_1_p,i2_dep_1_e,i2_dep_1_place,i2_rcf_1_p,i2_rcf_1_e,i2_rcf_1_place,i2_dep_2_p,i2_dep_2_e,i2_dep_2_place,i2_rcf_2_p,i2_rcf_2_e,i2_rcf_2_place,i2_dep_3_p,i2_dep_3_e,i2_dep_3_place,i2_rcf_3_p,i2_rcf_3_e,i2_rcf_3_place,i2_dlv_p,i2_dlv_e,i2_hops,i3_legid,i3_rcs_p,i3_rcs_e,i3_dep_1_p,i3_dep_1_e,i3_dep_1_place,i3_rcf_1_p,i3_rcf_1_e,i3_rcf_1_place,i3_dep_2_p,i3_dep_2_e,i3_dep_2_place,i3_rcf_2_p,i3_rcf_2_e,i3_rcf_2_place,i3_dep_3_p,i3_dep_3_e,i3_dep_3_place,i3_rcf_3_p,i3_rcf_3_e,i3_rcf_3_place,i3_dlv_p,i3_dlv_e,i3_hops,o_legid,o_rcs_p,o_rcs_e,o_dep_1_p,o_dep_1_e,o_dep_1_place,o_rcf_1_p,o_rcf_1_e,o_rcf_1_place,o_dep_2_p,o_dep_2_e,o_dep_2_place,o_rcf_2_p,o_rcf_2_e,o_rcf_2_place,o_dep_3_p,o_dep_3_e,o_dep_3_place,o_rcf_3_p,o_rcf_3_e,o_rcf_3_place,o_dlv_p,o_dlv_e,o_hops,legs
0,5182,199,218,210,215,609,935,736,256,0,0,0,0,0,0,0,0,0,0,0,0,840,1539,1,573,3315,2880,300,696,431,1965,515,256,0,0,0,0,0,0,0,0,0,0,0,0,2760,1280,1,0,0,0,0,0,0,0,0,0,0,0,0,0,0,0,0,0,0,0,0,0,0,0,0,10121,9919,7559,240,2865,256,1330,1265,411,0,0,0,0,0,0,0,0,0,0,0,0,780,434,1,2
1,6523,844,584,90,297,700,1935,1415,431,0,0,0,0,0,0,0,0,0,0,0,0,3780,5790,1,13946,2964,2888,180,239,257,970,756,149,160,331,149,1080,1142,431,0,0,0,0,0,0,7020,6628,2,0,0,0,0,0,0,0,0,0,0,0,0,0,0,0,0,0,0,0,0,0,0,0,0,626,3030,3016,300,286,431,835,526,256,0,0,0,0,0,0,0,0,0,0,0,0,3870,445,1,2
2,5878,4380,4119,90,280,456,905,547,700,0,0,0,0,0,0,0,0,0,0,0,0,3780,321,1,0,0,0,0,0,0,0,0,0,0,0,0,0,0,0,0,0,0,0,0,0,0,0,0,0,0,0,0,0,0,0,0,0,0,0,0,0,0,0,0,0,0,0,0,0,0,0,0,12691,1433,642,240,969,700,1200,1280,349,0,0,0,0,0,0,0,0,0,0,0,0,550,1520,1,1
3,1275,759,169,240,777,173,340,577,349,1340,1109,349,1240,820,671,0,0,0,0,0,0,335,535,2,0,0,0,0,0,0,0,0,0,0,0,0,0,0,0,0,0,0,0,0,0,0,0,0,0,0,0,0,0,0,0,0,0,0,0,0,0,0,0,0,0,0,0,0,0,0,0,0,12932,3963,3176,90,883,671,815,956,700,0,0,0,0,0,0,0,0,0,0,0,0,3780,159,1,1
4,8117,1597,1485,150,241,411,585,612,128,340,289,128,130,135,166,0,0,0,0,0,0,4230,1255,2,0,0,0,0,0,0,0,0,0,0,0,0,0,0,0,0,0,0,0,0,0,0,0,0,0,0,0,0,0,0,0,0,0,0,0,0,0,0,0,0,0,0,0,0,0,0,0,0,12805,152,179,180,131,166,230,167,128,810,872,128,740,346,411,0,0,0,0,0,0,4140,4797,2,1
5,9889,181,98,240,259,815,215,223,128,0,0,0,0,0,0,0,0,0,0,0,0,4890,115,1,9915,59,59,525,1934,128,3615,2270,128,0,0,0,0,0,0,0,0,0,0,0,0,3960,21025,1,0,0,0,0,0,0,0,0,0,0,0,0,0,0,0,0,0,0,0,0,0,0,0,0,6430,136,29,240,308,128,960,682,597,0,0,0,0,0,0,0,0,0,0,0,0,3960,467,1,2
6,3997,1300,212,240,1267,815,270,135,391,0,0,0,0,0,0,0,0,0,0,0,0,5070,2161,1,9805,252,33,240,399,815,275,164,391,0,0,0,0,0,0,0,0,0,0,0,0,5070,727,1,571,250,153,150,181,610,525,181,281,415,764,281,80,108,391,0,0,0,0,0,0,2880,1258,2,2544,329,81,570,763,391,80,79,281,0,0,0,0,0,0,0,0,0,0,0,0,2880,151,1,3
7,7125,139,87,240,232,783,255,154,815,460,563,815,215,182,128,0,0,0,0,0,0,4890,374,2,10590,303,110,240,371,815,215,143,128,0,0,0,0,0,0,0,0,0,0,0,0,4890,919,1,0,0,0,0,0,0,0,0,0,0,0,0,0,0,0,0,0,0,0,0,0,0,0,0,6753,119,19,240,298,128,960,678,597,0,0,0,0,0,0,0,0,0,0,0,0,3960,161,1,2
8,10481,387,68,240,514,815,285,219,485,0,0,0,0,0,0,0,0,0,0,0,0,5160,1170,1,0,0,0,0,0,0,0,0,0,0,0,0,0,0,0,0,0,0,0,0,0,0,0,0,0,0,0,0,0,0,0,0,0,0,0,0,0,0,0,0,0,0,0,0,0,0,0,0,5570,933,1074,180,677,485,885,695,149,0,0,0,0,0,0,0,0,0,0,0,0,6680,2830,1,1
9,3212,6145,6013,300,385,690,810,635,555,0,0,0,0,0,0,0,0,0,0,0,0,1560,672,1,0,0,0,0,0,0,0,0,0,0,0,0,0,0,0,0,0,0,0,0,0,0,0,0,0,0,0,0,0,0,0,0,0,0,0,0,0,0,0,0,0,0,0,0,0,0,0,0,13468,495,336,300,481,555,820,625,356,0,0,0,0,0,0,0,0,0,0,0,0,3960,218,1,1
10,12343,748,96,150,758,281,395,152,128,0,0,0,0,0,0,0,0,0,0,0,0,3960,193,1,8553,231,154,150,187,308,620,643,128,0,0,0,0,0,0,0,0,0,0,0,0,4200,282,1,0,0,0,0,0,0,0,0,0,0,0,0,0,0,0,0,0,0,0,0,0,0,0,0,13961,1580,1088,240,685,128,905,581,413,0,0,0,0,0,0,0,0,0,0,0,0,3960,223,1,2
11,8473,1415,1157,150,346,377,280,179,485,0,0,0,0,0,0,0,0,0,0,0,0,5160,977,1,0,0,0,0,0,0,0,0,0,0,0,0,0,0,0,0,0,0,0,0,0,0,0,0,0,0,0,0,0,0,0,0,0,0,0,0,0,0,0,0,0,0,0,0,0,0,0,0,11830,730,591,180,257,485,145,127,281,0,0,0,0,0,0,0,0,0,0,0,0,2880,20,1,1
12,9931,898,112,240,965,281,415,186,815,0,0,0,0,0,0,0,0,0,0,0,0,6715,11,1,11023,974,310,240,845,281,415,157,815,0,0,0,0,0,0,0,0,0,0,0,0,5160,47,1,9401,227,216,150,102,614,455,187,815,0,0,0,0,0,0,0,0,0,0,0,0,5005,869,1,4744,238,59,135,254,815,280,319,485,0,0,0,0,0,0,0,0,0,0,0,0,5160,140,1,3
13,12666,3140,3004,240,324,445,995,808,128,0,0,0,0,0,0,0,0,0,0,0,0,3960,200,1,7177,1499,733,300,1059,413,970,759,128,0,0,0,0,0,0,0,0,0,0,0,0,3960,1320,1,0,0,0,0,0,0,0,0,0,0,0,0,0,0,0,0,0,0,0,0,0,0,0,0,600,395,40,165,475,128,1275,1058,413,0,0,0,0,0,0,0,0,0,0,0,0,3960,934,1,2
14,14132,142,136,240,182,456,1085,1093,349,0,0,0,0,0,0,0,0,0,0,0,0,550,289,1,12448,2331,1814,180,653,671,890,917,349,0,0,0,0,0,0,0,0,0,0,0,0,550,1528,1,11408,447,538,180,36,468,935,987,349,0,0,0,0,0,0,0,0,0,0,0,0,385,693,1,3390,405,133,180,406,349,840,749,149,0,0,0,0,0,0,0,0,0,0,0,0,6680,164,1,3
15,13119,1081,413,180,859,753,1575,928,511,1014,1531,511,961,1282,815,0,0,0,0,0,0,9720,687,2,0,0,0,0,0,0,0,0,0,0,0,0,0,0,0,0,0,0,0,0,0,0,0,0,0,0,0,0,0,0,0,0,0,0,0,0,0,0,0,0,0,0,0,0,0,0,0,0,11725,37994,36949,90,1075,815,1210,983,700,0,0,0,0,0,0,0,0,0,0,0,0,3780,11,1,1
16,13572,778,254,420,894,349,1410,2375,548,0,0,0,0,0,0,0,0,0,0,0,0,320,580,1,5770,1191,792,420,792,349,1411,1353,548,0,0,0,0,0,0,0,0,0,0,0,0,604,2110,1,0,0,0,0,0,0,0,0,0,0,0,0,0,0,0,0,0,0,0,0,0,0,0,0,4551,2931,2589,240,532,548,920,720,128,0,0,0,0,0,0,0,0,0,0,0,0,3960,108,1,2
17,1388,27415,26485,90,963,815,1220,1027,700,0,0,0,0,0,0,0,0,0,0,0,0,3780,5,1,13517,3366,1315,90,2099,485,1250,840,700,0,0,0,0,0,0,0,0,0,0,0,0,3780,427,1,0,0,0,0,0,0,0,0,0,0,0,0,0,0,0,0,0,0,0,0,0,0,0,0,2421,927,390,90,565,700,2320,1527,411,0,0,0,0,0,0,0,0,0,0,0,0,3420,1681,1,2
18,4697,671,140,240,713,815,280,381,153,0,0,0,0,0,0,0,0,0,0,0,0,5160,2959,1,0,0,0,0,0,0,0,0,0,0,0,0,0,0,0,0,0,0,0,0,0,0,0,0,0,0,0,0,0,0,0,0,0,0,0,0,0,0,0,0,0,0,0,0,0,0,0,0,1321,3180,1730,90,1590,153,1240,733,700,5,409,700,935,635,538,0,0,0,0,0,0,3780,1115,2,1
19,13297,5442,4568,120,934,236,420,260,815,495,655,815,810,688,441,0,0,0,0,0,0,5040,3013,2,10625,518,488,170,140,134,465,543,349,1210,1150,349,920,808,441,0,0,0,0,0,0,1175,1037,2,0,0,0,0,0,0,0,0,0,0,0,0,0,0,0,0,0,0,0,0,0,0,0,0,2033,1317,1283,360,629,441,700,784,349,0,0,0,0,0,0,0,0,0,0,0,0,550,492,1,2
20,9481,327,167,90,278,579,1010,584,128,0,0,0,0,0,0,0,0,0,0,0,0,3780,358,1,9455,302,53,90,268,579,1010,562,128,0,0,0,0,0,0,0,0,0,0,0,0,3780,260,1,0,0,0,0,0,0,0,0,0,0,0,0,0,0,0,0,0,0,0,0,0,0,0,0,11277,606,52,240,763,128,810,542,409,0,0,0,0,0,0,0,0,0,0,0,0,3960,7005,1,2
21,5838,249,116,150,223,391,385,155,815,0,0,0,0,0,0,0,0,0,0,0,0,3160,3518,1,0,0,0,0,0,0,0,0,0,0,0,0,0,0,0,0,0,0,0,0,0,0,0,0,0,0,0,0,0,0,0,0,0,0,0,0,0,0,0,0,0,0,0,0,0,0,0,0,10003,82,16,135,138,815,285,157,485,0,0,0,0,0,0,0,0,0,0,0,0,5160,432,1,1
22,10613,2127,234,300,2158,332,705,783,815,0,0,0,0,0,0,0,0,0,0,0,0,5400,1459,1,9378,47,34,150,100,614,455,189,815,0,0,0,0,0,0,0,0,0,0,0,0,5005,873,1,8092,1252,410,150,932,349,350,72,815,0,0,0,0,0,0,0,0,0,0,0,0,2880,236,1,11117,139,34,240,292,815,945,867,403,0,0,0,0,0,0,0,0,0,0,0,0,5160,2060,1,3
23,1363,287,172,150,179,746,870,828,349,905,983,349,4941,834,778,0,0,0,0,0,0,2735,3341,2,9350,813,426,330,659,349,5001,787,778,0,0,0,0,0,0,0,0,0,0,0,0,2854,2207,1,0,0,0,0,0,0,0,0,0,0,0,0,0,0,0,0,0,0,0,0,0,0,0,0,9042,4583,4312,780,1057,778,1205,832,349,1360,1623,349,1075,808,757,0,0,0,0,0,0,1075,4090,2,2
24,4038,295,98,240,382,815,270,143,391,0,0,0,0,0,0,0,0,0,0,0,0,5070,2015,1,13373,921,389,300,814,628,910,1544,128,2855,2210,128,960,805,391,0,0,0,0,0,0,3960,1629,2,14188,3954,657,210,2422,233,330,947,281,1460,1868,281,810,949,391,0,0,0,0,0,0,3810,1569,2,5171,989,343,240,830,391,270,134,815,380,515,815,260,156,783,0,0,0,0,0,0,5100,1966,2,3
25,3091,692,72,270,851,349,930,1062,456,0,0,0,0,0,0,0,0,0,0,0,0,435,3613,1,6901,59,87,240,171,128,970,864,456,0,0,0,0,0,0,0,0,0,0,0,0,3960,122,1,1309,3204,820,240,2586,398,815,705,456,0,0,0,0,0,0,0,0,0,0,0,0,9700,213,1,324,1233,380,150,944,456,1030,821,128,925,1167,128,705,631,667,0,0,0,0,0,0,4230,5859,2,3
26,13510,1211,494,90,772,485,1250,897,700,0,0,0,0,0,0,0,0,0,0,0,0,3780,4,1,0,0,0,0,0,0,0,0,0,0,0,0,0,0,0,0,0,0,0,0,0,0,0,0,0,0,0,0,0,0,0,0,0,0,0,0,0,0,0,0,0,0,0,0,0,0,0,0,8957,860,525,90,368,700,1935,1424,431,0,0,0,0,0,0,0,0,0,0,0,0,3780,1287,1,1
27,4991,115,51,240,227,476,975,731,815,0,0,0,0,0,0,0,0,0,0,0,0,6465,7,1,0,0,0,0,0,0,0,0,0,0,0,0,0,0,0,0,0,0,0,0,0,0,0,0,0,0,0,0,0,0,0,0,0,0,0,0,0,0,0,0,0,0,0,0,0,0,0,0,9817,814,78,135,812,815,300,290,527,0,0,0,0,0,0,0,0,0,0,0,0,5100,24,1,1
28,11674,123,48,420,596,349,1240,1048,413,0,0,0,0,0,0,0,0,0,0,0,0,360,365,1,2270,1064,534,90,563,700,860,495,413,0,0,0,0,0,0,0,0,0,0,0,0,3780,1284,1,0,0,0,0,0,0,0,0,0,0,0,0,0,0,0,0,0,0,0,0,0,0,0,0,5820,2741,2591,150,265,413,1000,761,128,640,862,128,95,183,391,0,0,0,0,0,0,4230,2649,2,2
29,7108,342,9,300,583,753,510,322,174,660,784,174,1155,1805,128,845,193,128,1500,939,815,3960,444,3,0,0,0,0,0,0,0,0,0,0,0,0,0,0,0,0,0,0,0,0,0,0,0,0,0,0,0,0,0,0,0,0,0,0,0,0,0,0,0,0,0,0,0,0,0,0,0,0,3618,1045,36,240,1195,815,995,884,671,0,0,0,0,0,0,0,0,0,0,0,0,4680,2,1,1
30,394,1024,892,420,559,815,845,726,809,0,0,0,0,0,0,0,0,0,0,0,0,3960,2341,1,13723,56,24,240,241,128,785,516,809,0,0,0,0,0,0,0,0,0,0,0,0,3960,159,1,4861,16266,15981,240,512,128,780,521,809,0,0,0,0,0,0,0,0,0,0,0,0,3960,3513,1,12166,1545,1244,150,411,809,725,606,128,95,192,128,210,242,134,0,0,0,0,0,0,4170,2184,2,3
31,13559,139,10,240,305,476,975,818,815,0,0,0,0,0,0,0,0,0,0,0,0,5040,786,1,144,216,87,240,310,476,985,741,815,0,0,0,0,0,0,0,0,0,0,0,0,6465,7,1,0,0,0,0,0,0,0,0,0,0,0,0,0,0,0,0,0,0,0,0,0,0,0,0,4319,114,31,240,260,815,465,342,752,0,0,0,0,0,0,0,0,0,0,0,0,5760,33561,1,2
32,11152,509,283,240,429,398,1305,369,299,0,0,0,0,0,0,0,0,0,0,0,0,9040,588,1,8595,1768,1674,150,209,411,585,634,128,1530,1538,128,570,1248,299,0,0,0,0,0,0,4230,73,2,0,0,0,0,0,0,0,0,0,0,0,0,0,0,0,0,0,0,0,0,0,0,0,0,9552,16955,16424,90,556,299,820,605,700,725,958,700,695,229,561,0,0,0,0,0,0,3780,4388,2,2
33,10315,136,93,135,166,815,295,201,485,0,0,0,0,0,0,0,0,0,0,0,0,5160,111,1,5552,1082,950,240,321,476,915,758,128,165,399,128,1260,1276,485,0,0,0,0,0,0,3960,341,2,1781,141,83,150,176,128,110,122,485,0,0,0,0,0,0,0,0,0,0,0,0,4230,151,1,6793,1438,256,90,1209,485,1240,911,700,125,461,700,800,399,635,0,0,0,0,0,0,3780,3070,2,3
34,3104,3858,3529,90,702,671,815,524,700,3695,3647,700,1840,1346,308,0,0,0,0,0,0,3780,1121,2,0,0,0,0,0,0,0,0,0,0,0,0,0,0,0,0,0,0,0,0,0,0,0,0,0,0,0,0,0,0,0,0,0,0,0,0,0,0,0,0,0,0,0,0,0,0,0,0,7418,1290,355,300,1310,308,805,672,256,0,0,0,0,0,0,0,0,0,0,0,0,2940,1257,1,1
35,3491,241,190,135,135,815,285,166,485,0,0,0,0,0,0,0,0,0,0,0,0,5160,337,1,10825,1220,405,155,941,134,250,276,485,0,0,0,0,0,0,0,0,0,0,0,0,2880,591,1,0,0,0,0,0,0,0,0,0,0,0,0,0,0,0,0,0,0,0,0,0,0,0,0,13507,7282,6225,90,1083,485,1250,850,700,0,0,0,0,0,0,0,0,0,0,0,0,3780,1310,1,2
36,4535,5877,5505,240,584,548,920,157,128,0,0,0,0,0,0,0,0,0,0,0,0,3960,859,1,0,0,0,0,0,0,0,0,0,0,0,0,0,0,0,0,0,0,0,0,0,0,0,0,0,0,0,0,0,0,0,0,0,0,0,0,0,0,0,0,0,0,0,0,0,0,0,0,14151,1315,929,240,590,128,845,502,206,0,0,0,0,0,0,0,0,0,0,0,0,3960,636,1,1
37,2172,2713,2080,90,697,700,1100,625,597,0,0,0,0,0,0,0,0,0,0,0,0,3780,3734,1,2267,4843,3975,90,928,700,905,493,597,0,0,0,0,0,0,0,0,0,0,0,0,3780,19652,1,12789,1329,569,420,1150,349,1160,950,597,0,0,0,0,0,0,0,0,0,0,0,0,635,1314,1,5014,1048,163,180,1005,597,1050,981,815,600,668,815,260,192,134,0,0,0,0,0,0,5160,1421,2,3
38,11135,898,29,240,1049,597,950,773,349,1365,1485,349,927,894,556,0,0,0,0,0,0,393,529,2,2916,1213,1161,360,352,441,875,716,349,999,1042,349,928,937,556,0,0,0,0,0,0,1143,1137,2,11419,490,515,300,219,468,1115,946,349,2389,2438,349,928,937,556,0,0,0,0,0,0,1143,1125,2,1206,4654,4545,180,199,556,555,551,134,205,240,134,775,779,339,0,0,0,0,0,0,2820,1125,2,3
39,13641,14854,14484,300,688,555,735,719,371,0,0,0,0,0,0,0,0,0,0,0,0,1560,53,1,13608,3190,2084,300,1377,308,840,659,371,0,0,0,0,0,0,0,0,0,0,0,0,1560,315,1,13585,385,77,300,639,555,805,710,371,0,0,0,0,0,0,0,0,0,0,0,0,1560,44,1,7066,2920,2875,300,303,371,855,727,308,185,316,308,300,93,761,0,0,0,0,0,0,2100,1591,2,3
40,10206,1476,1147,240,525,798,740,596,815,0,0,0,0,0,0,0,0,0,0,0,0,5590,1425,1,0,0,0,0,0,0,0,0,0,0,0,0,0,0,0,0,0,0,0,0,0,0,0,0,0,0,0,0,0,0,0,0,0,0,0,0,0,0,0,0,0,0,0,0,0,0,0,0,7655,390,104,180,444,815,225,162,128,675,441,128,390,345,678,0,0,0,0,0,0,3960,6015,2,1
41,11942,112,73,120,99,256,980,1610,815,0,0,0,0,0,0,0,0,0,0,0,0,5440,714,1,0,0,0,0,0,0,0,0,0,0,0,0,0,0,0,0,0,0,0,0,0,0,0,0,0,0,0,0,0,0,0,0,0,0,0,0,0,0,0,0,0,0,0,0,0,0,0,0,13298,132,103,135,107,815,295,193,527,0,0,0,0,0,0,0,0,0,0,0,0,5100,68,1,1
42,9153,781,41,150,865,727,125,172,128,1845,1786,128,675,592,555,0,0,0,0,0,0,4200,3985,2,11932,139,197,180,62,256,980,1497,815,1485,979,815,685,670,555,0,0,0,0,0,0,5760,1202,2,1146,1320,1230,300,347,690,750,655,555,0,0,0,0,0,0,0,0,0,0,0,0,1560,1633,1,8022,14735,14618,300,396,555,740,536,371,0,0,0,0,0,0,0,0,0,0,0,0,1560,115,1,3
43,2315,22224,21475,90,1785,476,1120,871,128,0,0,0,0,0,0,0,0,0,0,0,0,3780,354,1,1712,826,90,240,922,456,1015,795,128,0,0,0,0,0,0,0,0,0,0,0,0,3960,1025,1,4532,3355,3064,240,495,548,920,693,128,0,0,0,0,0,0,0,0,0,0,0,0,3960,311,1,12677,2974,1028,90,1968,128,1430,1157,700,0,0,0,0,0,0,0,0,0,0,0,0,3780,159,1,3
44,8251,1863,1181,90,712,308,1255,946,233,0,0,0,0,0,0,0,0,0,0,0,0,3780,797,1,0,0,0,0,0,0,0,0,0,0,0,0,0,0,0,0,0,0,0,0,0,0,0,0,0,0,0,0,0,0,0,0,0,0,0,0,0,0,0,0,0,0,0,0,0,0,0,0,7494,1540,1525,150,116,233,90,155,349,915,856,349,282,127,749,0,0,0,0,0,0,1178,1055,2,1
45,9962,990,248,240,925,281,415,204,815,0,0,0,0,0,0,0,0,0,0,0,0,5280,14,1,0,0,0,0,0,0,0,0,0,0,0,0,0,0,0,0,0,0,0,0,0,0,0,0,0,0,0,0,0,0,0,0,0,0,0,0,0,0,0,0,0,0,0,0,0,0,0,0,9872,180,111,240,260,815,500,527,313,0,0,0,0,0,0,0,0,0,0,0,0,6000,7497,1,1
46,561,315,3,165,432,128,1275,1031,413,0,0,0,0,0,0,0,0,0,0,0,0,3960,985,1,0,0,0,0,0,0,0,0,0,0,0,0,0,0,0,0,0,0,0,0,0,0,0,0,0,0,0,0,0,0,0,0,0,0,0,0,0,0,0,0,0,0,0,0,0,0,0,0,10223,1374,685,90,728,413,855,458,700,0,0,0,0,0,0,0,0,0,0,0,0,3780,1475,1,1
47,828,180,90,150,194,485,140,105,128,0,0,0,0,0,0,0,0,0,0,0,0,4200,588,1,2817,7,32,180,95,166,220,146,128,0,0,0,0,0,0,0,0,0,0,0,0,4140,3803,1,0,0,0,0,0,0,0,0,0,0,0,0,0,0,0,0,0,0,0,0,0,0,0,0,6924,364,175,150,300,128,635,612,413,0,0,0,0,0,0,0,0,0,0,0,0,4230,297,1,2
48,4562,3637,3296,90,370,671,795,654,700,460,649,700,1885,1625,308,0,0,0,0,0,0,3780,904,2,12999,2388,2238,90,193,671,815,498,700,1105,1418,700,1850,1312,308,0,0,0,0,0,0,3780,1220,2,0,0,0,0,0,0,0,0,0,0,0,0,0,0,0,0,0,0,0,0,0,0,0,0,7406,670,11,300,911,308,930,951,597,0,0,0,0,0,0,0,0,0,0,0,0,2760,3792,1,2
49,13455,3325,2849,300,716,411,1100,827,349,1785,2014,349,2826,2927,614,0,0,0,0,0,0,384,2,2,10674,1064,80,240,1164,815,265,244,614,0,0,0,0,0,0,0,0,0,0,0,0,5460,4262,1,10584,986,95,240,1073,815,265,202,614,0,0,0,0,0,0,0,0,0,0,0,0,5460,1202,1,9408,43,21,150,157,614,455,143,815,0,0,0,0,0,0,0,0,0,0,0,0,3565,3720,1,3
50,8283,555,280,90,302,431,1780,1482,700,0,0,0,0,0,0,0,0,0,0,0,0,3780,71,1,10660,1371,785,90,621,128,1225,1006,700,0,0,0,0,0,0,0,0,0,0,0,0,3780,55,1,6781,2558,810,90,1777,485,1240,1016,700,0,0,0,0,0,0,0,0,0,0,0,0,3780,38,1,6543,1156,459,90,727,700,905,514,597,0,0,0,0,0,0,0,0,0,0,0,0,3780,2293,1,3
51,8168,3144,2917,300,567,431,811,528,256,0,0,0,0,0,0,0,0,0,0,0,0,3885,1369,1,0,0,0,0,0,0,0,0,0,0,0,0,0,0,0,0,0,0,0,0,0,0,0,0,0,0,0,0,0,0,0,0,0,0,0,0,0,0,0,0,0,0,0,0,0,0,0,0,3255,14221,13324,90,927,256,1240,960,700,550,829,700,890,607,108,0,0,0,0,0,0,3780,179,2,1
52,3231,1281,537,240,927,456,1015,971,128,485,534,128,510,401,233,0,0,0,0,0,0,3960,111,2,0,0,0,0,0,0,0,0,0,0,0,0,0,0,0,0,0,0,0,0,0,0,0,0,0,0,0,0,0,0,0,0,0,0,0,0,0,0,0,0,0,0,0,0,0,0,0,0,7155,379,62,240,497,233,385,147,398,0,0,0,0,0,0,0,0,0,0,0,0,9700,5098,1,1
53,5025,1085,267,180,938,597,1050,1009,815,0,0,0,0,0,0,0,0,0,0,0,0,5040,2203,1,0,0,0,0,0,0,0,0,0,0,0,0,0,0,0,0,0,0,0,0,0,0,0,0,0,0,0,0,0,0,0,0,0,0,0,0,0,0,0,0,0,0,0,0,0,0,0,0,10962,146,65,135,165,815,215,151,128,0,0,0,0,0,0,0,0,0,0,0,0,4890,20,1,1
54,7498,1162,99,210,1213,663,265,157,815,1355,1485,815,930,778,476,0,0,0,0,0,0,6990,3164,2,11050,1045,89,240,1168,815,940,780,476,0,0,0,0,0,0,0,0,0,0,0,0,6990,1329,1,3142,2291,2148,90,161,671,820,436,700,160,585,700,1425,952,476,0,0,0,0,0,0,3780,1014,2,424,1548,663,150,986,476,645,625,128,310,326,128,125,115,727,0,0,0,0,0,0,4230,3885,2,3
55,11109,264,126,155,291,134,100,263,281,680,461,281,255,459,524,0,0,0,0,0,0,2880,1000,2,10966,987,74,240,1106,815,380,229,524,0,0,0,0,0,0,0,0,0,0,0,0,5460,53,1,7039,140,65,150,180,128,185,229,524,0,0,0,0,0,0,0,0,0,0,0,0,4230,1000,1,8732,930,870,300,318,524,805,695,555,845,989,555,590,409,695,0,0,0,0,0,0,1140,1598,2,3
56,8679,845,170,180,801,761,345,217,609,290,429,609,695,767,527,0,0,0,0,0,0,1440,363,2,11042,202,203,240,179,815,295,136,527,0,0,0,0,0,0,0,0,0,0,0,0,5100,102,1,4769,1688,54,240,1833,815,295,229,527,0,0,0,0,0,0,0,0,0,0,0,0,5100,85,1,6358,185,113,150,174,527,220,145,571,0,0,0,0,0,0,0,0,0,0,0,0,375,763,1,3
57,11694,291,2,240,486,809,725,507,128,2990,3143,128,1620,1016,770,0,0,0,0,0,0,3960,212,2,10394,161,27,240,318,798,695,745,128,370,211,128,1620,1392,770,0,0,0,0,0,0,3960,226,2,10379,212,115,240,323,798,695,569,128,370,360,128,1620,1672,770,0,0,0,0,0,0,3960,908,2,1062,1028,451,150,672,770,385,160,128,145,386,128,125,108,361,0,0,0,0,0,0,4230,28,2,3
58,4613,135,58,135,168,815,285,204,485,0,0,0,0,0,0,0,0,0,0,0,0,5160,709,1,8834,1367,374,90,1024,700,1285,943,485,0,0,0,0,0,0,0,0,0,0,0,0,3780,1242,1,0,0,0,0,0,0,0,0,0,0,0,0,0,0,0,0,0,0,0,0,0,0,0,0,6405,1190,854,90,519,485,1240,897,700,0,0,0,0,0,0,0,0,0,0,0,0,3780,93,1,2
59,10507,682,95,240,776,815,200,168,233,0,0,0,0,0,0,0,0,0,0,0,0,5220,407,1,3903,508,284,240,416,286,985,824,128,750,714,128,510,484,233,0,0,0,0,0,0,3960,126,2,5407,5234,1659,90,3593,308,1040,686,233,0,0,0,0,0,0,0,0,0,0,0,0,3780,791,1,6078,2863,1096,90,1793,233,1035,547,609,0,0,0,0,0,0,0,0,0,0,0,0,3780,6564,1,3
60,234,122,83,300,275,609,820,631,815,0,0,0,0,0,0,0,0,0,0,0,0,5315,15,1,10565,3690,560,300,3370,411,1100,811,349,1155,1443,349,770,525,815,0,0,0,0,0,0,340,148,2,5830,362,184,150,268,391,385,117,815,0,0,0,0,0,0,0,0,0,0,0,0,3190,566,1,4688,1145,84,240,1241,815,760,680,609,0,0,0,0,0,0,0,0,0,0,0,0,7680,828,1,3
61,8585,2984,2737,150,346,411,585,559,128,400,451,128,1050,127,727,0,0,0,0,0,0,3300,1433,2,5563,239,23,150,315,476,915,667,128,400,642,128,1050,574,727,0,0,0,0,0,0,3300,95,2,1424,1378,1263,240,284,411,855,717,128,340,436,128,2820,2434,727,0,0,0,0,0,0,3960,34,2,5981,94,86,120,57,727,125,224,101,0,0,0,0,0,0,0,0,0,0,0,0,2880,2371,1,3
62,12419,1439,372,150,1167,281,115,136,128,280,266,128,775,791,700,0,0,0,0,0,0,4230,1572,2,13665,495,154,90,361,538,935,576,700,0,0,0,0,0,0,0,0,0,0,0,0,3780,135,1,0,0,0,0,0,0,0,0,0,0,0,0,0,0,0,0,0,0,0,0,0,0,0,0,6342,2444,1567,90,907,700,845,483,628,0,0,0,0,0,0,0,0,0,0,0,0,3780,1361,1,2
63,12117,2183,2047,180,304,671,1200,897,349,1030,1285,349,340,256,481,0,0,0,0,0,0,920,995,2,12432,1087,713,180,494,671,1170,1735,349,3000,2406,349,570,501,481,0,0,0,0,0,0,350,120,2,0,0,0,0,0,0,0,0,0,0,0,0,0,0,0,0,0,0,0,0,0,0,0,0,12949,1539,1639,600,426,481,1740,1690,413,0,0,0,0,0,0,0,0,0,0,0,0,420,1703,1,2
64,9449,171,71,150,202,614,455,191,815,0,0,0,0,0,0,0,0,0,0,0,0,3565,3724,1,38,152,144,150,88,431,795,501,815,0,0,0,0,0,0,0,0,0,0,0,0,2880,162,1,12360,661,245,210,571,233,375,174,815,0,0,0,0,0,0,0,0,0,0,0,0,5475,56,1,11106,1344,304,240,1225,815,780,762,609,0,0,0,0,0,0,0,0,0,0,0,0,7680,2775,1,3
65,7564,151,136,150,107,614,455,182,815,0,0,0,0,0,0,0,0,0,0,0,0,3565,855,1,0,0,0,0,0,0,0,0,0,0,0,0,0,0,0,0,0,0,0,0,0,0,0,0,0,0,0,0,0,0,0,0,0,0,0,0,0,0,0,0,0,0,0,0,0,0,0,0,7582,1064,148,180,1039,815,225,163,128,835,859,128,390,238,678,0,0,0,0,0,0,3960,1759,2,1
66,10705,4845,4404,270,678,700,810,816,349,0,0,0,0,0,0,0,0,0,0,0,0,550,5758,1,0,0,0,0,0,0,0,0,0,0,0,0,0,0,0,0,0,0,0,0,0,0,0,0,0,0,0,0,0,0,0,0,0,0,0,0,0,0,0,0,0,0,0,0,0,0,0,0,8185,950,338,150,702,349,50,80,815,2330,2295,815,945,774,403,0,0,0,0,0,0,5160,1116,2,1
67,8425,131,19,150,204,101,155,127,128,0,0,0,0,0,0,0,0,0,0,0,0,4200,104,1,9480,496,336,90,278,579,1010,612,128,0,0,0,0,0,0,0,0,0,0,0,0,3780,2889,1,4471,273,63,240,404,815,215,161,128,0,0,0,0,0,0,0,0,0,0,0,0,4890,9767,1,13634,817,10,240,1046,128,785,468,809,0,0,0,0,0,0,0,0,0,0,0,0,3960,220,1,3
68,11901,2292,36,240,2452,128,970,723,456,0,0,0,0,0,0,0,0,0,0,0,0,3960,306,1,0,0,0,0,0,0,0,0,0,0,0,0,0,0,0,0,0,0,0,0,0,0,0,0,0,0,0,0,0,0,0,0,0,0,0,0,0,0,0,0,0,0,0,0,0,0,0,0,1178,1481,600,90,905,456,880,561,700,110,440,700,2315,1514,411,0,0,0,0,0,0,3420,4422,2,1
69,6777,1095,635,90,511,485,1240,995,700,0,0,0,0,0,0,0,0,0,0,0,0,3780,166,1,0,0,0,0,0,0,0,0,0,0,0,0,0,0,0,0,0,0,0,0,0,0,0,0,0,0,0,0,0,0,0,0,0,0,0,0,0,0,0,0,0,0,0,0,0,0,0,0,6097,700,476,90,297,700,1935,1388,431,0,0,0,0,0,0,0,0,0,0,0,0,3780,1976,1,1
70,12335,982,327,150,758,281,155,168,128,0,0,0,0,0,0,0,0,0,0,0,0,4200,218,1,13445,379,296,150,189,485,385,179,128,0,0,0,0,0,0,0,0,0,0,0,0,3960,3,1,0,0,0,0,0,0,0,0,0,0,0,0,0,0,0,0,0,0,0,0,0,0,0,0,5340,93,25,150,184,128,840,157,238,0,0,0,0,0,0,0,0,0,0,0,0,3540,591,1,2
71,13171,1076,434,90,694,700,850,547,413,0,0,0,0,0,0,0,0,0,0,0,0,3780,4051,1,923,1927,52,165,1995,236,1075,900,413,0,0,0,0,0,0,0,0,0,0,0,0,3960,1109,1,0,0,0,0,0,0,0,0,0,0,0,0,0,0,0,0,0,0,0,0,0,0,0,0,7633,1592,1279,90,362,413,860,586,700,35,294,700,790,515,635,0,0,0,0,0,0,3780,793,2,2
72,13743,32,45,240,195,128,785,517,809,0,0,0,0,0,0,0,0,0,0,0,0,3960,232,1,1474,1210,1217,300,257,571,815,800,809,0,0,0,0,0,0,0,0,0,0,0,0,3960,1965,1,0,0,0,0,0,0,0,0,0,0,0,0,0,0,0,0,0,0,0,0,0,0,0,0,4840,515,445,420,481,809,910,704,371,0,0,0,0,0,0,0,0,0,0,0,0,3960,185,1,2
73,11804,1820,362,300,1866,609,735,542,281,385,335,281,435,453,179,0,0,0,0,0,0,4050,331,2,9852,2435,187,300,2531,628,920,713,128,1405,1507,128,1220,775,179,0,0,0,0,0,0,3960,372,2,0,0,0,0,0,0,0,0,0,0,0,0,0,0,0,0,0,0,0,0,0,0,0,0,4836,295,105,180,340,179,540,238,281,340,611,281,810,738,597,0,0,0,0,0,0,4110,135,2,2
74,6531,92,76,240,211,128,970,790,456,0,0,0,0,0,0,0,0,0,0,0,0,3960,180,1,0,0,0,0,0,0,0,0,0,0,0,0,0,0,0,0,0,0,0,0,0,0,0,0,0,0,0,0,0,0,0,0,0,0,0,0,0,0,0,0,0,0,0,0,0,0,0,0,2676,1176,311,150,1043,456,790,794,128,0,0,0,0,0,0,0,0,0,0,0,0,4200,965,1,1
75,11836,1450,1938,300,1192,409,720,1058,281,405,206,281,1050,1026,134,0,0,0,0,0,0,4050,2961,2,0,0,0,0,0,0,0,0,0,0,0,0,0,0,0,0,0,0,0,0,0,0,0,0,0,0,0,0,0,0,0,0,0,0,0,0,0,0,0,0,0,0,0,0,0,0,0,0,11054,100,71,155,84,134,90,85,610,0,0,0,0,0,0,0,0,0,0,0,0,2880,166,1,1
76,10419,1359,171,240,1383,815,760,713,609,0,0,0,0,0,0,0,0,0,0,0,0,7680,1104,1,4220,1100,114,240,1190,815,760,700,609,0,0,0,0,0,0,0,0,0,0,0,0,7680,2423,1,11387,862,335,150,625,366,130,130,128,250,264,128,555,616,609,0,0,0,0,0,0,4230,1703,2,8706,257,156,240,291,609,765,816,128,420,374,128,380,126,485,0,0,0,0,0,0,3960,3091,2,3
77,12361,808,256,210,705,233,375,346,815,0,0,0,0,0,0,0,0,0,0,0,0,5300,15,1,0,0,0,0,0,0,0,0,0,0,0,0,0,0,0,0,0,0,0,0,0,0,0,0,0,0,0,0,0,0,0,0,0,0,0,0,0,0,0,0,0,0,0,0,0,0,0,0,10542,46,33,135,90,815,285,194,485,0,0,0,0,0,0,0,0,0,0,0,0,5160,295,1,1
78,9073,3026,1791,90,1266,441,1105,712,700,0,0,0,0,0,0,0,0,0,0,0,0,3780,338,1,0,0,0,0,0,0,0,0,0,0,0,0,0,0,0,0,0,0,0,0,0,0,0,0,0,0,0,0,0,0,0,0,0,0,0,0,0,0,0,0,0,0,0,0,0,0,0,0,3550,5041,4266,90,846,700,1155,694,426,0,0,0,0,0,0,0,0,0,0,0,0,3780,60,1,1
79,1025,1420,1343,300,329,753,1320,1157,128,1055,1087,128,510,441,233,0,0,0,0,0,0,3960,78,2,5,1345,703,300,891,789,1050,895,128,350,392,128,510,553,233,0,0,0,0,0,0,3960,1363,2,12072,259,321,300,237,753,1320,1128,128,1055,1074,128,510,333,233,0,0,0,0,0,0,3960,111,2,7750,13176,12116,90,1095,233,1375,1159,700,340,568,700,585,143,257,0,0,0,0,0,0,3780,2985,2,3
80,5280,6286,5888,180,508,809,1240,1281,149,1855,1841,149,720,598,700,0,0,0,0,0,0,6900,318,2,0,0,0,0,0,0,0,0,0,0,0,0,0,0,0,0,0,0,0,0,0,0,0,0,0,0,0,0,0,0,0,0,0,0,0,0,0,0,0,0,0,0,0,0,0,0,0,0,9193,1962,1677,300,553,700,1110,1136,128,0,0,0,0,0,0,0,0,0,0,0,0,3960,1575,1,1
81,12379,1601,1436,150,261,281,115,116,128,710,779,128,805,670,371,0,0,0,0,0,0,4230,1382,2,13699,1690,1261,300,719,555,755,660,371,0,0,0,0,0,0,0,0,0,0,0,0,1560,120,1,0,0,0,0,0,0,0,0,0,0,0,0,0,0,0,0,0,0,0,0,0,0,0,0,7036,280,265,300,264,371,840,769,431,705,767,431,990,782,265,0,0,0,0,0,0,4020,24703,2,2
82,717,325,523,120,732,721,960,644,256,1230,707,256,900,739,431,0,0,0,0,0,0,720,2634,2,7096,455,477,300,259,371,840,668,431,0,0,0,0,0,0,0,0,0,0,0,0,1140,4826,1,0,0,0,0,0,0,0,0,0,0,0,0,0,0,0,0,0,0,0,0,0,0,0,0,23,47,7,300,280,431,770,645,815,0,0,0,0,0,0,0,0,0,0,0,0,5325,17,1,2
83,2159,322,164,90,218,700,1275,855,815,0,0,0,0,0,0,0,0,0,0,0,0,3780,300,1,11259,624,548,180,202,206,835,639,815,0,0,0,0,0,0,0,0,0,0,0,0,5400,4426,1,4873,124,64,240,247,476,975,827,815,0,0,0,0,0,0,0,0,0,0,0,0,5040,777,1,3558,278,45,135,307,815,385,596,770,0,0,0,0,0,0,0,0,0,0,0,0,7555,34,1,3
84,9716,1437,394,420,1505,349,1190,904,597,0,0,0,0,0,0,0,0,0,0,0,0,665,8477,1,0,0,0,0,0,0,0,0,0,0,0,0,0,0,0,0,0,0,0,0,0,0,0,0,0,0,0,0,0,0,0,0,0,0,0,0,0,0,0,0,0,0,0,0,0,0,0,0,2049,4162,3045,90,1192,597,915,527,700,465,816,700,790,485,635,0,0,0,0,0,0,3780,1658,2,1
85,14178,1877,1853,240,204,721,330,274,349,1410,1478,349,1074,1130,456,0,0,0,0,0,0,356,595,2,8648,3045,1478,600,2047,778,1275,1639,349,890,606,349,945,893,456,0,0,0,0,0,0,370,956,2,3611,406,8,270,592,349,1170,1148,456,0,0,0,0,0,0,0,0,0,0,0,0,435,7820,1,1145,1491,585,90,930,456,880,578,700,110,417,700,2315,1483,411,0,0,0,0,0,0,3420,1209,2,3
86,4444,39,63,240,185,815,285,257,485,0,0,0,0,0,0,0,0,0,0,0,0,5160,1048,1,0,0,0,0,0,0,0,0,0,0,0,0,0,0,0,0,0,0,0,0,0,0,0,0,0,0,0,0,0,0,0,0,0,0,0,0,0,0,0,0,0,0,0,0,0,0,0,0,5637,1995,1051,180,696,485,885,795,149,395,853,149,680,591,628,0,0,0,0,0,0,5460,2063,2,1
87,3373,292,117,180,342,609,683,595,349,0,0,0,0,0,0,0,0,0,0,0,0,4080,7534,1,2119,1966,1773,90,235,700,1275,864,349,0,0,0,0,0,0,0,0,0,0,0,0,3780,219,1,0,0,0,0,0,0,0,0,0,0,0,0,0,0,0,0,0,0,0,0,0,0,0,0,13263,15137,14028,150,1170,349,395,1049,317,0,0,0,0,0,0,0,0,0,0,0,0,660,814,1,2
88,11163,2655,1654,240,1205,128,775,507,216,0,0,0,0,0,0,0,0,0,0,0,0,3960,39275,1,0,0,0,0,0,0,0,0,0,0,0,0,0,0,0,0,0,0,0,0,0,0,0,0,0,0,0,0,0,0,0,0,0,0,0,0,0,0,0,0,0,0,0,0,0,0,0,0,4936,404,156,270,452,216,735,601,815,1070,1222,815,535,513,243,0,0,0,0,0,0,2880,4158,2,1
89,4988,124,9,240,287,476,975,708,815,0,0,0,0,0,0,0,0,0,0,0,0,5040,850,1,9431,61,38,150,111,614,455,179,815,0,0,0,0,0,0,0,0,0,0,0,0,5125,889,1,8134,1031,384,150,737,349,350,72,815,0,0,0,0,0,0,0,0,0,0,0,0,3940,253,1,10471,28,23,240,211,815,215,260,774,0,0,0,0,0,0,0,0,0,0,0,0,5370,1084,1,3
90,5607,488,400,150,255,308,620,778,128,0,0,0,0,0,0,0,0,0,0,0,0,4200,1359,1,10115,2576,1838,150,840,628,920,675,128,0,0,0,0,0,0,0,0,0,0,0,0,3960,1341,1,4199,7391,7160,240,437,548,920,884,128,0,0,0,0,0,0,0,0,0,0,0,0,3960,88,1,14047,1364,1135,240,443,128,740,557,798,0,0,0,0,0,0,0,0,0,0,0,0,3960,136,1,3
91,12714,2057,694,90,1543,128,1130,724,441,0,0,0,0,0,0,0,0,0,0,0,0,3780,12784,1,13401,1297,74,120,1303,236,420,281,815,465,579,815,810,682,441,0,0,0,0,0,0,5040,1408,2,8392,4407,4032,120,370,236,390,199,815,1225,1484,815,810,700,441,0,0,0,0,0,0,5040,363,2,3270,8852,8386,1260,1666,441,400,280,579,0,0,0,0,0,0,0,0,0,0,0,0,425,6805,1,3
92,5016,1447,551,180,1016,597,1050,977,815,0,0,0,0,0,0,0,0,0,0,0,0,5040,2166,1,0,0,0,0,0,0,0,0,0,0,0,0,0,0,0,0,0,0,0,0,0,0,0,0,0,0,0,0,0,0,0,0,0,0,0,0,0,0,0,0,0,0,0,0,0,0,0,0,4019,1121,55,240,1249,815,760,745,609,0,0,0,0,0,0,0,0,0,0,0,0,7680,53,1,1
93,12338,1065,526,210,700,233,255,149,815,1175,1273,815,540,557,243,0,0,0,0,0,0,2880,24449,2,8405,2740,2398,150,462,349,380,1022,317,9635,8873,317,290,474,243,0,0,0,0,0,0,240,39976,2,11375,1882,1746,150,151,327,935,669,815,1225,1569,815,540,557,243,0,0,0,0,0,0,2880,24066,2,10319,7088,7168,240,107,243,185,705,317,1805,1214,317,755,657,403,0,0,0,0,0,0,240,1234,2,3
94,2448,817,299,90,913,700,1275,839,349,0,0,0,0,0,0,0,0,0,0,0,0,3780,4442,1,9676,2245,1942,420,708,431,510,461,349,0,0,0,0,0,0,0,0,0,0,0,0,550,4742,1,12051,2277,106,240,2351,597,770,758,349,0,0,0,0,0,0,0,0,0,0,0,0,550,619,1,12291,5486,2184,420,3676,349,691,622,136,0,0,0,0,0,0,0,0,0,0,0,0,609,2242,1,3
95,1000,1466,781,180,805,671,975,785,349,1315,1471,349,648,619,770,0,0,0,0,0,0,372,246,2,3230,2637,1863,240,963,456,1015,745,128,820,1100,128,375,213,770,0,0,0,0,0,0,3960,4269,2,325,107,1,300,343,609,820,805,815,930,947,815,385,249,770,0,0,0,0,0,0,5400,262,2,1087,721,216,240,694,770,385,151,128,65,312,128,785,563,809,0,0,0,0,0,0,3960,921,2,3
96,13841,4112,3292,90,901,128,1400,1104,700,0,0,0,0,0,0,0,0,0,0,0,0,3840,2930,1,1389,38054,37159,90,925,815,1220,975,700,0,0,0,0,0,0,0,0,0,0,0,0,3780,34,1,0,0,0,0,0,0,0,0,0,0,0,0,0,0,0,0,0,0,0,0,0,0,0,0,2459,1041,207,90,865,700,935,643,538,0,0,0,0,0,0,0,0,0,0,0,0,3780,347,1,2
97,14190,4909,4319,90,620,299,820,541,700,475,776,700,1405,1151,153,0,0,0,0,0,0,3780,2526,2,14059,740,473,90,297,299,825,538,700,480,771,700,1340,1097,153,0,0,0,0,0,0,3780,1221,2,3946,144,81,240,241,815,285,250,153,0,0,0,0,0,0,0,0,0,0,0,0,5160,1925,1,10656,3195,633,90,2636,153,1240,923,700,5,312,700,1080,744,113,0,0,0,0,0,0,3780,814,2,3
98,11016,1446,302,240,1328,281,405,201,815,0,0,0,0,0,0,0,0,0,0,0,0,5160,1945,1,1018,1381,1061,300,583,753,1275,1260,128,455,497,128,1500,1007,815,0,0,0,0,0,0,3960,286,2,0,0,0,0,0,0,0,0,0,0,0,0,0,0,0,0,0,0,0,0,0,0,0,0,10489,190,127,135,149,815,285,183,485,0,0,0,0,0,0,0,0,0,0,0,0,5160,107,1,2
99,7143,1109,335,240,954,233,395,142,398,0,0,0,0,0,0,0,0,0,0,0,0,9700,2848,1,8591,1499,1140,300,600,698,1105,893,349,1010,1191,349,3470,3300,398,0,0,0,0,0,0,385,1838,2,7856,1259,282,240,1157,233,395,152,398,0,0,0,0,0,0,0,0,0,0,0,0,9700,1119,1,13854,1591,357,360,1541,398,330,242,571,1175,1221,571,1056,861,495,0,0,0,0,0,0,1494,335,2,3
100,716,1595,1225,300,622,671,1045,864,609,0,0,0,0,0,0,0,0,0,0,0,0,1140,249,1,4218,1357,168,240,1384,815,760,855,609,0,0,0,0,0,0,0,0,0,0,0,0,7680,3576,1,0,0,0,0,0,0,0,0,0,0,0,0,0,0,0,0,0,0,0,0,0,0,0,0,7990,235,22,300,490,609,720,554,256,0,0,0,0,0,0,0,0,0,0,0,0,2940,308,1,2
101,3414,151,56,135,180,815,285,167,485,0,0,0,0,0,0,0,0,0,0,0,0,5160,146,1,0,0,0,0,0,0,0,0,0,0,0,0,0,0,0,0,0,0,0,0,0,0,0,0,0,0,0,0,0,0,0,0,0,0,0,0,0,0,0,0,0,0,0,0,0,0,0,0,13707,1285,901,180,526,485,150,192,349,0,0,0,0,0,0,0,0,0,0,0,0,385,4155,1,1
102,11718,1576,474,180,1248,609,674,562,256,0,0,0,0,0,0,0,0,0,0,0,0,4080,1433,1,8655,171,176,150,928,485,490,230,256,0,0,0,0,0,0,0,0,0,0,0,0,720,1411,1,0,0,0,0,0,0,0,0,0,0,0,0,0,0,0,0,0,0,0,0,0,0,0,0,11805,11189,10209,240,1202,256,2880,1458,691,0,0,0,0,0,0,0,0,0,0,0,0,2400,408,1,2
103,6995,157,19,150,243,128,100,254,349,0,0,0,0,0,0,0,0,0,0,0,0,4230,246,1,11421,492,521,300,215,468,935,943,349,0,0,0,0,0,0,0,0,0,0,0,0,550,608,1,1002,1214,711,180,640,671,910,852,349,0,0,0,0,0,0,0,0,0,0,0,0,550,923,1,7260,1654,1122,270,781,349,1025,968,468,0,0,0,0,0,0,0,0,0,0,0,0,355,18317,1,3
104,4109,1194,160,240,1221,815,1020,828,671,0,0,0,0,0,0,0,0,0,0,0,0,4680,6286,1,0,0,0,0,0,0,0,0,0,0,0,0,0,0,0,0,0,0,0,0,0,0,0,0,0,0,0,0,0,0,0,0,0,0,0,0,0,0,0,0,0,0,0,0,0,0,0,0,13182,2039,1804,90,261,671,820,449,700,30,403,700,695,229,561,0,0,0,0,0,0,3780,2675,2,1
105,12780,232,191,150,146,166,170,174,128,0,0,0,0,0,0,0,0,0,0,0,0,4200,738,1,8428,897,271,180,763,101,220,190,128,0,0,0,0,0,0,0,0,0,0,0,0,4200,2163,1,12404,733,152,150,677,281,145,197,128,0,0,0,0,0,0,0,0,0,0,0,0,4200,1683,1,6701,308,138,240,380,128,815,491,332,0,0,0,0,0,0,0,0,0,0,0,0,3840,57,1,3
106,956,5083,4928,90,271,520,1225,921,128,0,0,0,0,0,0,0,0,0,0,0,0,3780,1011,1,4005,2358,377,150,2080,281,155,123,128,0,0,0,0,0,0,0,0,0,0,0,0,4200,504,1,13423,889,427,150,603,485,180,104,128,0,0,0,0,0,0,0,0,0,0,0,0,4170,310,1,6455,932,47,240,1091,128,880,654,800,0,0,0,0,0,0,0,0,0,0,0,0,3960,150,1,3
107,5732,1538,428,150,1201,411,610,575,128,0,0,0,0,0,0,0,0,0,0,0,0,4200,280,1,2003,169,61,90,160,113,1130,741,700,1255,1647,700,1275,852,128,0,0,0,0,0,0,3780,312,2,9101,864,619,150,423,700,1110,1039,128,0,0,0,0,0,0,0,0,0,0,0,0,3960,1530,1,1791,242,167,150,179,128,765,601,610,0,0,0,0,0,0,0,0,0,0,0,0,3600,520,1,3
108,4586,797,85,135,808,815,215,139,128,0,0,0,0,0,0,0,0,0,0,0,0,4890,327,1,0,0,0,0,0,0,0,0,0,0,0,0,0,0,0,0,0,0,0,0,0,0,0,0,0,0,0,0,0,0,0,0,0,0,0,0,0,0,0,0,0,0,0,0,0,0,0,0,13469,1088,261,90,861,128,1400,1151,700,0,0,0,0,0,0,0,0,0,0,0,0,3780,122,1,1
109,9641,1308,536,240,959,456,1030,802,128,0,0,0,0,0,0,0,0,0,0,0,0,3960,97,1,0,0,0,0,0,0,0,0,0,0,0,0,0,0,0,0,0,0,0,0,0,0,0,0,0,0,0,0,0,0,0,0,0,0,0,0,0,0,0,0,0,0,0,0,0,0,0,0,10603,1300,637,90,694,128,1225,944,700,205,500,700,585,167,257,0,0,0,0,0,0,3780,2406,2,1
110,13017,783,629,90,207,671,820,843,700,765,718,700,2320,2904,411,0,0,0,0,0,0,3420,1210,2,1161,2513,1580,90,960,456,880,522,700,110,471,700,2315,1450,411,0,0,0,0,0,0,3420,114,2,0,0,0,0,0,0,0,0,0,0,0,0,0,0,0,0,0,0,0,0,0,0,0,0,8702,2593,1416,240,1375,411,855,1064,128,0,0,0,0,0,0,0,0,0,0,0,0,3960,1235,1,2
111,3434,365,104,180,336,166,2010,1691,349,810,1126,349,815,670,391,0,0,0,0,0,0,610,164,2,0,0,0,0,0,0,0,0,0,0,0,0,0,0,0,0,0,0,0,0,0,0,0,0,0,0,0,0,0,0,0,0,0,0,0,0,0,0,0,0,0,0,0,0,0,0,0,0,532,1149,344,150,895,391,100,153,128,570,547,128,660,715,671,0,0,0,0,0,0,4230,1516,2,1
112,4269,101,44,135,146,815,285,193,485,0,0,0,0,0,0,0,0,0,0,0,0,5160,83,1,4254,238,12,135,314,815,280,160,485,0,0,0,0,0,0,0,0,0,0,0,0,5160,286,1,0,0,0,0,0,0,0,0,0,0,0,0,0,0,0,0,0,0,0,0,0,0,0,0,13436,904,444,150,601,485,180,104,128,0,0,0,0,0,0,0,0,0,0,0,0,4170,310,1,2
113,9533,106,72,150,123,614,455,180,815,0,0,0,0,0,0,0,0,0,0,0,0,3565,915,1,0,0,0,0,0,0,0,0,0,0,0,0,0,0,0,0,0,0,0,0,0,0,0,0,0,0,0,0,0,0,0,0,0,0,0,0,0,0,0,0,0,0,0,0,0,0,0,0,8796,1123,155,90,995,815,1220,1034,700,195,387,700,585,162,257,0,0,0,0,0,0,3780,2360,2,1
114,7388,809,215,150,694,366,120,168,128,300,265,128,610,648,800,0,0,0,0,0,0,4230,4096,2,11404,2379,1888,150,591,366,120,163,128,300,276,128,610,634,800,0,0,0,0,0,0,4230,1185,2,13359,3491,3018,240,661,441,970,882,128,1310,1418,128,880,705,800,0,0,0,0,0,0,3960,1005,2,11515,1240,1164,240,305,800,860,2275,128,1795,377,128,1260,1016,571,0,0,0,0,0,0,3960,1497,2,3
115,22,358,32,300,565,609,825,681,815,1110,1089,815,630,463,576,0,0,0,0,0,0,6060,15795,2,8162,455,169,90,344,698,600,224,700,1000,1393,700,1275,1127,576,0,0,0,0,0,0,3780,4639,2,7081,123,64,180,196,485,210,155,576,0,0,0,0,0,0,0,0,0,0,0,0,365,202,1,1562,2883,688,240,2388,576,415,150,128,1205,1489,128,1225,963,257,0,0,0,0,0,0,3960,8204,2,3
116,13477,575,480,180,236,695,460,252,308,135,329,308,2970,230,548,0,0,0,0,0,0,1440,7018,2,12549,4459,1555,420,3281,349,1376,1282,548,0,0,0,0,0,0,0,0,0,0,0,0,504,505,1,11562,1274,233,150,1158,128,735,654,548,0,0,0,0,0,0,0,0,0,0,0,0,4230,1620,1,14157,3495,3223,420,653,548,1160,851,349,680,958,349,525,383,327,0,0,0,0,0,0,1155,4985,2,3
117,13308,654,261,240,585,441,976,996,128,365,481,128,1260,2359,571,0,0,0,0,0,0,3960,2739,2,0,0,0,0,0,0,0,0,0,0,0,0,0,0,0,0,0,0,0,0,0,0,0,0,0,0,0,0,0,0,0,0,0,0,0,0,0,0,0,0,0,0,0,0,0,0,0,0,13273,877,192,300,932,571,820,684,144,990,1139,144,396,223,687,0,0,0,0,0,0,8400,3,2,1
118,2593,676,174,240,689,815,300,196,527,0,0,0,0,0,0,0,0,0,0,0,0,5100,3595,1,9156,2656,1746,90,951,456,880,554,700,1345,1681,700,1425,1128,527,0,0,0,0,0,0,3780,17,2,4236,393,23,135,454,815,295,229,527,0,0,0,0,0,0,0,0,0,0,0,0,5100,99,1,5793,1068,687,180,906,527,895,571,149,1100,1037,149,565,442,174,0,0,0,0,0,0,6960,490,2,3
119,8621,1591,1427,210,314,663,255,153,815,795,917,815,760,460,299,0,0,0,0,0,0,3600,985,2,0,0,0,0,0,0,0,0,0,0,0,0,0,0,0,0,0,0,0,0,0,0,0,0,0,0,0,0,0,0,0,0,0,0,0,0,0,0,0,0,0,0,0,0,0,0,0,0,9595,1239,780,90,484,299,820,335,700,1260,1761,700,1060,719,113,0,0,0,0,0,0,3780,2355,2,1
120,13024,3458,3277,90,225,671,820,635,700,375,547,700,740,407,187,0,0,0,0,0,0,3780,2596,2,0,0,0,0,0,0,0,0,0,0,0,0,0,0,0,0,0,0,0,0,0,0,0,0,0,0,0,0,0,0,0,0,0,0,0,0,0,0,0,0,0,0,0,0,0,0,0,0,9884,401,237,90,188,187,750,347,700,0,0,0,0,0,0,0,0,0,0,0,0,4625,1239,1,1
121,10389,236,62,135,251,815,845,719,371,0,0,0,0,0,0,0,0,0,0,0,0,5220,1630,1,13658,13135,12740,300,812,555,760,646,371,0,0,0,0,0,0,0,0,0,0,0,0,1560,273,1,0,0,0,0,0,0,0,0,0,0,0,0,0,0,0,0,0,0,0,0,0,0,0,0,7069,4470,4425,300,303,371,855,724,308,340,469,308,775,124,761,0,0,0,0,0,0,1620,15,2,2
122,12816,354,291,240,253,445,970,806,128,0,0,0,0,0,0,0,0,0,0,0,0,4020,94,1,0,0,0,0,0,0,0,0,0,0,0,0,0,0,0,0,0,0,0,0,0,0,0,0,0,0,0,0,0,0,0,0,0,0,0,0,0,0,0,0,0,0,0,0,0,0,0,0,10611,8562,7978,90,624,128,1225,975,700,1195,1452,700,675,203,395,0,0,0,0,0,0,3780,362,2,1
123,2901,246,41,90,491,579,1005,920,128,0,0,0,0,0,0,0,0,0,0,0,0,3780,65,1,0,0,0,0,0,0,0,0,0,0,0,0,0,0,0,0,0,0,0,0,0,0,0,0,0,0,0,0,0,0,0,0,0,0,0,0,0,0,0,0,0,0,0,0,0,0,0,0,1456,395,53,165,478,128,1275,1004,413,0,0,0,0,0,0,0,0,0,0,0,0,3960,170,1,1
124,12211,2416,2198,180,365,671,930,900,349,0,0,0,0,0,0,0,0,0,0,0,0,550,3571,1,9494,1549,1374,150,279,750,176,221,349,0,0,0,0,0,0,0,0,0,0,0,0,379,915,1,149,551,71,420,823,548,880,916,349,0,0,0,0,0,0,0,0,0,0,0,0,550,3426,1,8197,1720,264,150,1551,349,55,81,815,930,921,815,930,810,476,0,0,0,0,0,0,6990,4419,2,3
125,6671,148,7,240,334,128,975,726,403,0,0,0,0,0,0,0,0,0,0,0,0,3960,1095,1,6327,4707,4072,90,667,700,705,311,403,0,0,0,0,0,0,0,0,0,0,0,0,3780,1063,1,11025,144,68,240,257,815,945,803,403,0,0,0,0,0,0,0,0,0,0,0,0,5160,735,1,10266,65,66,240,196,403,1005,764,800,0,0,0,0,0,0,0,0,0,0,0,0,3960,2383,1,3
126,121,1595,1143,300,695,609,830,765,815,0,0,0,0,0,0,0,0,0,0,0,0,5310,25,1,0,0,0,0,0,0,0,0,0,0,0,0,0,0,0,0,0,0,0,0,0,0,0,0,0,0,0,0,0,0,0,0,0,0,0,0,0,0,0,0,0,0,0,0,0,0,0,0,4161,108,101,240,183,815,240,249,349,0,0,0,0,0,0,0,0,0,0,0,0,5250,506,1,1
127,8802,1182,43,90,1166,815,1220,1030,700,0,0,0,0,0,0,0,0,0,0,0,0,3780,39,1,0,0,0,0,0,0,0,0,0,0,0,0,0,0,0,0,0,0,0,0,0,0,0,0,0,0,0,0,0,0,0,0,0,0,0,0,0,0,0,0,0,0,0,0,0,0,0,0,8848,2701,1989,90,749,700,605,203,698,0,0,0,0,0,0,0,0,0,0,0,0,3780,8598,1,1
128,10852,2843,43,240,2985,815,285,223,485,0,0,0,0,0,0,0,0,0,0,0,0,5160,1323,1,10369,205,86,135,210,815,285,194,485,0,0,0,0,0,0,0,0,0,0,0,0,5160,108,1,0,0,0,0,0,0,0,0,0,0,0,0,0,0,0,0,0,0,0,0,0,0,0,0,14512,1544,772,90,797,485,1250,881,700,0,0,0,0,0,0,0,0,0,0,0,0,3780,1653,1,2
129,9006,88,24,240,271,128,1045,832,700,0,0,0,0,0,0,0,0,0,0,0,0,3960,464,1,6274,6842,6122,90,749,174,630,260,700,0,0,0,0,0,0,0,0,0,0,0,0,3780,472,1,0,0,0,0,0,0,0,0,0,0,0,0,0,0,0,0,0,0,0,0,0,0,0,0,6109,671,367,90,330,700,845,526,628,0,0,0,0,0,0,0,0,0,0,0,0,3780,445,1,2
130,4008,684,101,240,766,815,285,175,281,0,0,0,0,0,0,0,0,0,0,0,0,5100,1214,1,8971,2056,1194,90,915,700,1825,329,281,0,0,0,0,0,0,0,0,0,0,0,0,3780,1660,1,0,0,0,0,0,0,0,0,0,0,0,0,0,0,0,0,0,0,0,0,0,0,0,0,3809,1318,391,90,958,281,1200,772,700,465,911,700,1060,678,113,0,0,0,0,0,0,3780,1055,2,2
131,6610,545,55,300,764,233,760,568,798,0,0,0,0,0,0,0,0,0,0,0,0,3960,1395,1,2018,1348,1,180,1467,243,545,332,815,760,987,815,610,622,798,0,0,0,0,0,0,5100,10984,2,7012,165,145,300,345,371,750,668,555,245,249,555,440,228,798,0,0,0,0,0,0,2160,1155,2,10261,2865,2839,240,221,798,740,701,815,420,364,815,800,883,233,0,0,0,0,0,0,5220,74,2,3
132,13042,415,152,90,299,700,1470,971,476,0,0,0,0,0,0,0,0,0,0,0,0,3780,1007,1,14063,2600,2107,90,524,299,820,556,700,785,1221,700,1790,1206,476,0,0,0,0,0,0,3780,998,2,0,0,0,0,0,0,0,0,0,0,0,0,0,0,0,0,0,0,0,0,0,0,0,0,3178,8788,5738,90,4124,476,1130,632,441,0,0,0,0,0,0,0,0,0,0,0,0,3780,2775,1,2
133,11874,1309,876,270,641,349,205,248,524,260,229,524,2880,682,173,0,0,0,0,0,0,3445,2907,2,12067,1680,1640,250,233,597,1170,919,349,655,921,349,191,661,173,0,0,0,0,0,0,824,6370,2,12153,758,45,240,892,413,1390,1061,256,2585,1610,256,1560,768,173,0,0,0,0,0,0,3600,4618,2,1199,203,193,240,136,173,1074,1099,456,0,0,0,0,0,0,0,0,0,0,0,0,356,448,1,3
134,6214,839,662,90,216,700,1935,1415,431,0,0,0,0,0,0,0,0,0,0,0,0,3780,2806,1,0,0,0,0,0,0,0,0,0,0,0,0,0,0,0,0,0,0,0,0,0,0,0,0,0,0,0,0,0,0,0,0,0,0,0,0,0,0,0,0,0,0,0,0,0,0,0,0,3223,399,85,90,379,431,1745,1399,700,0,0,0,0,0,0,0,0,0,0,0,0,3780,39,1,1
135,14611,434,420,195,149,441,700,713,349,0,0,0,0,0,0,0,0,0,0,0,0,385,1457,1,0,0,0,0,0,0,0,0,0,0,0,0,0,0,0,0,0,0,0,0,0,0,0,0,0,0,0,0,0,0,0,0,0,0,0,0,0,0,0,0,0,0,0,0,0,0,0,0,11178,560,117,420,837,349,1114,873,468,0,0,0,0,0,0,0,0,0,0,0,0,341,776,1,1
136,11030,872,71,240,994,815,265,198,614,0,0,0,0,0,0,0,0,0,0,0,0,5460,4238,1,8926,185,22,240,388,128,755,237,614,0,0,0,0,0,0,0,0,0,0,0,0,3670,1167,1,0,0,0,0,0,0,0,0,0,0,0,0,0,0,0,0,0,0,0,0,0,0,0,0,9439,194,188,150,126,614,455,216,815,0,0,0,0,0,0,0,0,0,0,0,0,3565,837,1,2
137,866,392,93,180,415,216,735,498,815,0,0,0,0,0,0,0,0,0,0,0,0,2880,101,1,14107,349,239,385,480,456,1435,1155,349,3185,3357,349,770,732,815,0,0,0,0,0,0,340,50,2,4018,1078,444,210,784,233,1000,903,815,0,0,0,0,0,0,0,0,0,0,0,0,5165,2065,1,9260,1465,486,90,1009,815,1220,1045,700,175,353,700,695,254,561,0,0,0,0,0,0,3780,19940,2,3
138,13201,623,194,90,454,700,2315,1517,411,0,0,0,0,0,0,0,0,0,0,0,0,3420,1699,1,2836,118,105,150,122,166,130,166,128,930,909,128,645,330,411,0,0,0,0,0,0,4230,1872,2,9402,8224,7433,90,821,456,905,660,700,90,339,700,2320,1609,411,0,0,0,0,0,0,3420,32933,2,2414,3118,2711,90,437,411,1940,1709,700,0,0,0,0,0,0,0,0,0,0,0,0,3780,135,1,3
139,305,2432,1700,150,831,456,1030,767,128,0,0,0,0,0,0,0,0,0,0,0,0,3960,2588,1,4611,126,45,135,165,815,215,119,128,0,0,0,0,0,0,0,0,0,0,0,0,4890,619,1,8551,1608,1647,240,152,411,855,1022,128,0,0,0,0,0,0,0,0,0,0,0,0,3960,2499,1,10735,1597,497,240,1296,128,970,754,403,0,0,0,0,0,0,0,0,0,0,0,0,3960,1001,1,3
140,7427,14220,13315,300,1158,609,905,943,597,0,0,0,0,0,0,0,0,0,0,0,0,2760,1478,1,6733,1123,1113,240,216,128,960,707,597,0,0,0,0,0,0,0,0,0,0,0,0,3960,175,1,13616,670,89,300,853,308,925,904,597,0,0,0,0,0,0,0,0,0,0,0,0,2760,1517,1,12065,1575,1549,280,283,597,910,911,349,0,0,0,0,0,0,0,0,0,0,0,0,550,1556,1,3
141,5602,478,288,240,470,431,735,785,128,0,0,0,0,0,0,0,0,0,0,0,0,3960,1122,1,1919,9128,8700,90,461,476,1130,807,128,0,0,0,0,0,0,0,0,0,0,0,0,3780,132,1,1066,86,66,240,223,371,995,827,128,0,0,0,0,0,0,0,0,0,0,0,0,3960,364,1,10358,3090,2055,90,1067,128,1135,731,441,0,0,0,0,0,0,0,0,0,0,0,0,3780,14635,1,3
142,12468,331,296,240,238,700,900,961,128,400,355,128,800,655,548,0,0,0,0,0,0,4140,3057,2,14079,14161,10934,240,3444,128,980,659,548,0,0,0,0,0,0,0,0,0,0,0,0,3960,1615,1,0,0,0,0,0,0,0,0,0,0,0,0,0,0,0,0,0,0,0,0,0,0,0,0,4568,2938,2572,240,572,548,920,836,128,0,0,0,0,0,0,0,0,0,0,0,0,3960,59,1,2
143,797,1073,612,150,626,134,220,175,128,1535,1518,128,645,337,411,0,0,0,0,0,0,4230,3405,2,0,0,0,0,0,0,0,0,0,0,0,0,0,0,0,0,0,0,0,0,0,0,0,0,0,0,0,0,0,0,0,0,0,0,0,0,0,0,0,0,0,0,0,0,0,0,0,0,13717,401,350,180,171,411,935,1241,317,0,0,0,0,0,0,0,0,0,0,0,0,660,3322,1,1
144,8504,1250,323,90,957,256,1240,990,700,0,0,0,0,0,0,0,0,0,0,0,0,3840,2924,1,2897,1398,255,150,1240,727,125,162,128,425,405,128,825,824,700,0,0,0,0,0,0,4170,260,2,0,0,0,0,0,0,0,0,0,0,0,0,0,0,0,0,0,0,0,0,0,0,0,0,11310,4857,4234,90,654,700,920,719,538,0,0,0,0,0,0,0,0,0,0,0,0,3780,388,1,2
145,5086,685,650,360,335,187,655,691,349,0,0,0,0,0,0,0,0,0,0,0,0,550,3194,1,12561,244,181,240,254,456,910,976,349,0,0,0,0,0,0,0,0,0,0,0,0,550,6476,1,0,0,0,0,0,0,0,0,0,0,0,0,0,0,0,0,0,0,0,0,0,0,0,0,9558,1017,582,420,857,349,1240,880,671,0,0,0,0,0,0,0,0,0,0,0,0,335,624,1,2
146,10725,119,44,135,141,815,215,198,128,0,0,0,0,0,0,0,0,0,0,0,0,4890,595,1,525,1862,1134,240,896,152,700,675,128,0,0,0,0,0,0,0,0,0,0,0,0,3960,265,1,0,0,0,0,0,0,0,0,0,0,0,0,0,0,0,0,0,0,0,0,0,0,0,0,6727,249,177,150,170,128,765,636,610,0,0,0,0,0,0,0,0,0,0,0,0,3600,482,1,2
147,2329,140,291,300,59,216,690,970,798,390,166,798,750,703,349,0,0,0,0,0,0,3960,2272,2,5620,722,400,360,606,700,1000,1097,349,0,0,0,0,0,0,0,0,0,0,0,0,550,2872,1,0,0,0,0,0,0,0,0,0,0,0,0,0,0,0,0,0,0,0,0,0,0,0,0,2772,1520,1001,150,660,349,2165,854,144,0,0,0,0,0,0,0,0,0,0,0,0,2880,1843,1,2
148,3039,3734,3634,90,141,671,815,616,700,1105,1422,700,1850,1312,308,0,0,0,0,0,0,3780,2088,2,0,0,0,0,0,0,0,0,0,0,0,0,0,0,0,0,0,0,0,0,0,0,0,0,0,0,0,0,0,0,0,0,0,0,0,0,0,0,0,0,0,0,0,0,0,0,0,0,12939,740,246,300,749,308,925,960,597,0,0,0,0,0,0,0,0,0,0,0,0,2760,3915,1,1
149,10466,104,88,135,99,815,285,240,485,0,0,0,0,0,0,0,0,0,0,0,0,5160,128,1,0,0,0,0,0,0,0,0,0,0,0,0,0,0,0,0,0,0,0,0,0,0,0,0,0,0,0,0,0,0,0,0,0,0,0,0,0,0,0,0,0,0,0,0,0,0,0,0,14375,1388,1024,90,429,485,1250,902,700,0,0,0,0,0,0,0,0,0,0,0,0,3780,674,1,1
150,12309,265,224,210,161,388,600,383,349,305,558,349,1162,871,144,0,0,0,0,0,0,1953,2064,2,0,0,0,0,0,0,0,0,0,0,0,0,0,0,0,0,0,0,0,0,0,0,0,0,0,0,0,0,0,0,0,0,0,0,0,0,0,0,0,0,0,0,0,0,0,0,0,0,3381,1312,157,300,1421,144,1595,553,490,0,0,0,0,0,0,0,0,0,0,0,0,7050,3,1,1
151,111,216,137,150,168,431,795,577,815,0,0,0,0,0,0,0,0,0,0,0,0,2880,1218,1,9444,228,77,150,244,614,455,178,815,0,0,0,0,0,0,0,0,0,0,0,0,3565,888,1,5060,1110,241,180,989,597,1050,926,815,0,0,0,0,0,0,0,0,0,0,0,0,6460,762,1,3647,231,212,135,95,815,280,147,485,0,0,0,0,0,0,0,0,0,0,0,0,5160,309,1,3
152,11240,1385,122,150,1342,101,60,96,727,665,636,727,35,52,166,0,0,0,0,0,0,2880,330,2,0,0,0,0,0,0,0,0,0,0,0,0,0,0,0,0,0,0,0,0,0,0,0,0,0,0,0,0,0,0,0,0,0,0,0,0,0,0,0,0,0,0,0,0,0,0,0,0,2803,322,294,150,124,166,130,163,128,875,866,128,690,665,476,0,0,0,0,0,0,4230,2900,2,1
153,12289,789,150,180,759,515,365,126,815,0,0,0,0,0,0,0,0,0,0,0,0,5605,30,1,0,0,0,0,0,0,0,0,0,0,0,0,0,0,0,0,0,0,0,0,0,0,0,0,0,0,0,0,0,0,0,0,0,0,0,0,0,0,0,0,0,0,0,0,0,0,0,0,4271,1406,331,240,1267,815,760,760,609,0,0,0,0,0,0,0,0,0,0,0,0,7680,1176,1,1
154,9343,205,108,150,189,614,455,158,815,0,0,0,0,0,0,0,0,0,0,0,0,3565,918,1,0,0,0,0,0,0,0,0,0,0,0,0,0,0,0,0,0,0,0,0,0,0,0,0,0,0,0,0,0,0,0,0,0,0,0,0,0,0,0,0,0,0,0,0,0,0,0,0,11110,248,124,135,219,815,290,180,485,0,0,0,0,0,0,0,0,0,0,0,0,5160,3024,1,1
155,4992,123,27,240,268,476,975,896,815,0,0,0,0,0,0,0,0,0,0,0,0,5040,733,1,0,0,0,0,0,0,0,0,0,0,0,0,0,0,0,0,0,0,0,0,0,0,0,0,0,0,0,0,0,0,0,0,0,0,0,0,0,0,0,0,0,0,0,0,0,0,0,0,4266,92,64,135,125,815,285,149,485,0,0,0,0,0,0,0,0,0,0,0,0,5160,718,1,1
156,220,169,1,240,336,476,975,721,815,0,0,0,0,0,0,0,0,0,0,0,0,6465,22,1,0,0,0,0,0,0,0,0,0,0,0,0,0,0,0,0,0,0,0,0,0,0,0,0,0,0,0,0,0,0,0,0,0,0,0,0,0,0,0,0,0,0,0,0,0,0,0,0,3505,198,180,135,113,815,280,168,485,0,0,0,0,0,0,0,0,0,0,0,0,5160,164,1,1
157,8220,1612,1307,90,365,413,860,504,700,0,0,0,0,0,0,0,0,0,0,0,0,3780,1899,1,1390,37477,36496,90,1011,815,1220,1012,700,0,0,0,0,0,0,0,0,0,0,0,0,3780,5,1,0,0,0,0,0,0,0,0,0,0,0,0,0,0,0,0,0,0,0,0,0,0,0,0,6296,3241,3052,90,222,700,805,557,206,0,0,0,0,0,0,0,0,0,0,0,0,3780,960,1,2
158,7182,4669,1169,90,3516,233,1345,1001,308,0,0,0,0,0,0,0,0,0,0,0,0,3780,2204,1,1432,176,216,240,150,571,395,112,128,480,772,128,920,742,308,0,0,0,0,0,0,3960,19064,2,9095,913,121,150,890,727,120,159,128,1560,1532,128,650,655,308,0,0,0,0,0,0,4230,8801,2,638,165,147,300,282,308,800,666,485,0,0,0,0,0,0,0,0,0,0,0,0,1140,110,1,3
159,441,208,3,180,322,476,985,757,815,0,0,0,0,0,0,0,0,0,0,0,0,3495,2352,1,0,0,0,0,0,0,0,0,0,0,0,0,0,0,0,0,0,0,0,0,0,0,0,0,0,0,0,0,0,0,0,0,0,0,0,0,0,0,0,0,0,0,0,0,0,0,0,0,4593,1195,44,240,1341,815,760,831,609,0,0,0,0,0,0,0,0,0,0,0,0,7680,665,1,1
160,14042,786,95,150,781,750,540,163,485,0,0,0,0,0,0,0,0,0,0,0,0,720,349,1,11019,228,25,135,355,815,290,203,485,0,0,0,0,0,0,0,0,0,0,0,0,5160,139,1,0,0,0,0,0,0,0,0,0,0,0,0,0,0,0,0,0,0,0,0,0,0,0,0,14532,1184,732,90,515,485,1250,997,700,0,0,0,0,0,0,0,0,0,0,0,0,3780,2061,1,2
161,12535,1152,817,180,489,671,930,906,349,0,0,0,0,0,0,0,0,0,0,0,0,550,5720,1,770,1009,620,180,559,671,910,1805,349,0,0,0,0,0,0,0,0,0,0,0,0,550,5267,1,14007,1988,1632,300,596,548,890,876,349,0,0,0,0,0,0,0,0,0,0,0,0,385,3813,1,12601,2358,2102,420,632,349,816,724,609,0,0,0,0,0,0,0,0,0,0,0,0,414,354,1,3
162,9761,515,441,180,191,485,140,164,281,0,0,0,0,0,0,0,0,0,0,0,0,2880,43,1,12231,474,259,150,326,809,455,443,128,405,416,128,110,320,281,0,0,0,0,0,0,4230,866,2,0,0,0,0,0,0,0,0,0,0,0,0,0,0,0,0,0,0,0,0,0,0,0,0,8004,145,43,150,196,281,130,167,134,0,0,0,0,0,0,0,0,0,0,0,0,2850,110,1,2
163,8449,1041,179,150,964,101,130,183,128,0,0,0,0,0,0,0,0,0,0,0,0,4230,50,1,9514,2212,1613,90,629,299,820,509,700,1430,1756,700,1275,913,128,0,0,0,0,0,0,3780,226,2,1286,1557,260,300,1551,753,1320,1120,128,0,0,0,0,0,0,0,0,0,0,0,0,3960,368,1,569,321,3,165,438,128,1275,1031,413,0,0,0,0,0,0,0,0,0,0,0,0,3960,860,1,3
164,12873,1837,1625,90,269,671,820,483,700,0,0,0,0,0,0,0,0,0,0,0,0,3780,128,1,14528,1655,797,90,903,485,1250,830,700,0,0,0,0,0,0,0,0,0,0,0,0,3780,4,1,7952,1541,610,90,966,281,1200,858,700,0,0,0,0,0,0,0,0,0,0,0,0,3780,324,1,12728,2052,230,360,2118,700,1125,1012,481,80,193,481,120,157,349,0,0,0,0,0,0,550,6222,2,3
165,12655,7731,7818,90,1373,128,1400,1034,700,0,0,0,0,0,0,0,0,0,0,0,0,3780,839,1,1774,143,142,240,208,128,1040,806,700,0,0,0,0,0,0,0,0,0,0,0,0,3960,303,1,0,0,0,0,0,0,0,0,0,0,0,0,0,0,0,0,0,0,0,0,0,0,0,0,10742,1183,618,90,605,700,795,377,671,0,0,0,0,0,0,0,0,0,0,0,0,3780,1922,1,2
166,1737,849,180,240,851,456,1015,835,128,650,855,128,385,242,485,0,0,0,0,0,0,3960,622,2,3947,214,65,135,232,815,285,213,485,0,0,0,0,0,0,0,0,0,0,0,0,5160,86,1,4479,104,35,135,163,815,295,214,485,0,0,0,0,0,0,0,0,0,0,0,0,5160,157,1,11321,699,628,150,164,485,95,31,815,235,299,815,210,149,238,0,0,0,0,0,0,5700,81,2,3
167,7569,5833,3513,90,2357,262,1130,731,700,1420,1835,700,1240,893,815,0,0,0,0,0,0,3780,31,2,0,0,0,0,0,0,0,0,0,0,0,0,0,0,0,0,0,0,0,0,0,0,0,0,0,0,0,0,0,0,0,0,0,0,0,0,0,0,0,0,0,0,0,0,0,0,0,0,3784,1121,102,240,1198,815,760,696,609,0,0,0,0,0,0,0,0,0,0,0,0,7680,976,1,1
168,11094,1195,1834,155,889,134,640,609,609,0,0,0,0,0,0,0,0,0,0,0,0,2880,6108,1,0,0,0,0,0,0,0,0,0,0,0,0,0,0,0,0,0,0,0,0,0,0,0,0,0,0,0,0,0,0,0,0,0,0,0,0,0,0,0,0,0,0,0,0,0,0,0,0,14040,410,214,185,322,609,525,722,281,415,214,281,585,579,610,250,260,610,1280,1319,211,2880,34,3,1
169,8446,822,78,110,797,377,285,172,485,0,0,0,0,0,0,0,0,0,0,0,0,5160,167,1,8315,97,58,110,92,377,280,173,485,0,0,0,0,0,0,0,0,0,0,0,0,5160,161,1,0,0,0,0,0,0,0,0,0,0,0,0,0,0,0,0,0,0,0,0,0,0,0,0,13190,718,292,300,683,485,280,174,815,1650,1732,815,225,129,649,0,0,0,0,0,0,4740,1155,2,2
170,7999,189,249,300,180,128,840,852,485,325,360,485,780,748,800,0,0,0,0,0,0,4080,1044,2,11946,764,1,240,971,128,880,693,800,0,0,0,0,0,0,0,0,0,0,0,0,3960,95,1,0,0,0,0,0,0,0,0,0,0,0,0,0,0,0,0,0,0,0,0,0,0,0,0,11502,1459,1236,150,317,800,590,622,128,600,597,128,765,1028,610,0,0,0,0,0,0,3600,1516,2,2
171,5836,1414,340,150,1189,413,730,744,128,910,880,128,95,176,391,0,0,0,0,0,0,4230,3928,2,8241,2633,545,180,2198,326,125,62,815,185,258,815,275,162,391,0,0,0,0,0,0,5070,6681,2,0,0,0,0,0,0,0,0,0,0,0,0,0,0,0,0,0,0,0,0,0,0,0,0,560,951,124,150,922,391,100,120,128,2225,2221,128,605,572,287,0,0,0,0,0,0,4230,12741,2,2
172,13582,434,340,360,394,153,1495,1115,349,1445,1834,349,1046,890,441,0,0,0,0,0,0,1049,1219,2,0,0,0,0,0,0,0,0,0,0,0,0,0,0,0,0,0,0,0,0,0,0,0,0,0,0,0,0,0,0,0,0,0,0,0,0,0,0,0,0,0,0,0,0,0,0,0,0,13350,1712,1697,240,205,441,970,1381,128,1770,1493,128,900,653,388,0,0,0,0,0,0,3960,273,2,1
173,767,789,69,180,839,671,1170,929,349,560,813,349,157,147,770,0,0,0,0,0,0,2963,2933,2,285,266,200,300,298,609,820,717,815,930,1050,815,385,165,770,0,0,0,0,0,0,5400,93,2,9662,1059,287,240,955,456,1030,1183,128,1355,1226,128,1620,1227,770,0,0,0,0,0,0,3960,1222,2,558,807,296,150,608,770,115,113,128,580,588,128,590,663,628,0,0,0,0,0,0,4230,2140,2,3
174,2698,3806,2979,240,1019,456,1030,792,128,810,1114,128,380,93,770,0,0,0,0,0,0,3960,4220,2,992,1002,679,180,446,671,1160,893,349,1380,1623,349,648,588,770,0,0,0,0,0,0,372,270,2,0,0,0,0,0,0,0,0,0,0,0,0,0,0,0,0,0,0,0,0,0,0,0,0,5222,1466,1392,240,264,770,380,119,128,505,774,128,500,280,423,0,0,0,0,0,0,4020,7313,2,2
175,2584,691,143,240,731,815,225,166,128,0,0,0,0,0,0,0,0,0,0,0,0,4890,399,1,5644,1809,1660,180,278,609,590,492,128,0,0,0,0,0,0,0,0,0,0,0,0,4140,499,1,5267,497,1,180,616,610,230,165,128,0,0,0,0,0,0,0,0,0,0,0,0,4140,144,1,8826,1518,667,240,1047,128,975,899,403,0,0,0,0,0,0,0,0,0,0,0,0,3960,148,1,3
176,13546,1577,309,240,1445,476,975,755,815,615,862,815,255,171,610,0,0,0,0,0,0,5160,48,2,12464,790,598,180,312,485,155,147,610,0,0,0,0,0,0,0,0,0,0,0,0,2880,101,1,0,0,0,0,0,0,0,0,0,0,0,0,0,0,0,0,0,0,0,0,0,0,0,0,9338,512,60,150,542,610,500,1617,349,0,0,0,0,0,0,0,0,0,0,0,0,385,884,1,2
177,4995,221,172,240,222,476,975,851,815,0,0,0,0,0,0,0,0,0,0,0,0,5040,752,1,12508,1524,1442,150,172,233,375,120,815,0,0,0,0,0,0,0,0,0,0,0,0,4700,988,1,9392,164,98,150,161,614,455,190,815,0,0,0,0,0,0,0,0,0,0,0,0,3565,850,1,1372,35112,34137,90,1004,815,1220,1043,700,215,412,700,605,227,698,0,0,0,0,0,0,3780,3588,2,3
178,293,529,180,180,469,216,735,492,815,0,0,0,0,0,0,0,0,0,0,0,0,2880,133,1,0,0,0,0,0,0,0,0,0,0,0,0,0,0,0,0,0,0,0,0,0,0,0,0,0,0,0,0,0,0,0,0,0,0,0,0,0,0,0,0,0,0,0,0,0,0,0,0,10072,1110,69,240,1223,815,780,732,609,0,0,0,0,0,0,0,0,0,0,0,0,7680,818,1,1
179,7844,855,106,150,841,281,255,456,524,0,0,0,0,0,0,0,0,0,0,0,0,2880,1112,1,9993,127,58,135,160,815,380,220,524,0,0,0,0,0,0,0,0,0,0,0,0,5460,179,1,5066,1097,180,180,1037,597,1050,957,815,935,1031,815,380,270,524,0,0,0,0,0,0,5460,1025,2,1323,1119,513,150,710,524,185,228,128,355,308,128,120,150,361,0,0,0,0,0,0,4230,990,2,3
180,14335,528,290,90,267,700,845,546,628,0,0,0,0,0,0,0,0,0,0,0,0,3780,386,1,0,0,0,0,0,0,0,0,0,0,0,0,0,0,0,0,0,0,0,0,0,0,0,0,0,0,0,0,0,0,0,0,0,0,0,0,0,0,0,0,0,0,0,0,0,0,0,0,10123,5272,3230,300,2294,628,920,755,128,0,0,0,0,0,0,0,0,0,0,0,0,3960,1059,1,1
181,10269,1969,697,240,1467,403,1180,951,809,0,0,0,0,0,0,0,0,0,0,0,0,4020,1834,1,6648,310,715,960,509,490,595,428,555,1320,1490,555,1145,238,809,0,0,0,0,0,0,1590,661,2,4875,78,123,240,141,770,380,113,128,460,745,128,790,497,809,0,0,0,0,0,0,3960,1290,2,12175,742,546,300,458,809,675,577,128,440,530,128,810,557,349,0,0,0,0,0,0,3960,2159,2,3
182,3884,611,340,240,452,286,985,881,128,1350,1468,128,980,690,548,0,0,0,0,0,0,3960,3046,2,0,0,0,0,0,0,0,0,0,0,0,0,0,0,0,0,0,0,0,0,0,0,0,0,0,0,0,0,0,0,0,0,0,0,0,0,0,0,0,0,0,0,0,0,0,0,0,0,5867,105,140,300,226,548,845,581,308,0,0,0,0,0,0,0,0,0,0,0,0,1590,452,1,1
183,5391,1405,357,90,1095,476,1700,1278,700,0,0,0,0,0,0,0,0,0,0,0,0,3780,225,1,14531,1655,796,90,904,485,1250,830,700,0,0,0,0,0,0,0,0,0,0,0,0,3780,3,1,10615,1577,781,90,868,128,1565,1273,700,0,0,0,0,0,0,0,0,0,0,0,0,4505,26109,1,2147,1328,736,90,634,700,695,229,561,0,0,0,0,0,0,0,0,0,0,0,0,3780,1956,1,3
184,9656,1228,609,780,1389,349,1162,840,144,0,0,0,0,0,0,0,0,0,0,0,0,473,171,1,0,0,0,0,0,0,0,0,0,0,0,0,0,0,0,0,0,0,0,0,0,0,0,0,0,0,0,0,0,0,0,0,0,0,0,0,0,0,0,0,0,0,0,0,0,0,0,0,7095,1512,1,300,1767,144,730,733,721,0,0,0,0,0,0,0,0,0,0,0,0,5760,4433,1,1
185,3220,5845,5785,300,323,690,750,650,555,0,0,0,0,0,0,0,0,0,0,0,0,1560,1810,1,9783,1060,76,240,1184,815,705,680,555,0,0,0,0,0,0,0,0,0,0,0,0,5760,3861,1,7044,1535,1535,300,269,371,750,625,555,0,0,0,0,0,0,0,0,0,0,0,0,1560,4821,1,544,1475,1284,300,463,555,2140,840,356,0,0,0,0,0,0,0,0,0,0,0,0,2645,1328,1,3
186,5655,2947,1635,240,1501,411,850,711,128,0,0,0,0,0,0,0,0,0,0,0,0,3960,492,1,6262,2922,1977,90,976,700,1630,1292,128,0,0,0,0,0,0,0,0,0,0,0,0,3780,836,1,0,0,0,0,0,0,0,0,0,0,0,0,0,0,0,0,0,0,0,0,0,0,0,0,10700,8573,1883,90,6725,128,1140,675,441,0,0,0,0,0,0,0,0,0,0,0,0,3780,322,1,2
187,9741,490,307,180,303,485,155,127,610,0,0,0,0,0,0,0,0,0,0,0,0,2880,9,1,4969,432,246,240,358,476,975,971,815,615,640,815,255,228,610,0,0,0,0,0,0,5160,1331,2,7822,45,62,150,184,281,100,95,610,0,0,0,0,0,0,0,0,0,0,0,0,2880,15,1,6912,175,263,150,705,610,230,282,485,0,0,0,0,0,0,0,0,0,0,0,0,2881,99,1,3
188,6333,1092,93,300,1253,413,1000,951,128,0,0,0,0,0,0,0,0,0,0,0,0,3960,782,1,5648,2915,2798,240,300,411,850,675,128,0,0,0,0,0,0,0,0,0,0,0,0,3960,234,1,11231,797,104,150,789,238,495,248,128,0,0,0,0,0,0,0,0,0,0,0,0,3900,617,1,12062,7478,6989,240,691,128,875,572,144,0,0,0,0,0,0,0,0,0,0,0,0,3960,51,1,3
189,1383,37991,37030,90,989,815,1220,1041,700,0,0,0,0,0,0,0,0,0,0,0,0,3780,107,1,1578,1103,72,90,1061,815,1210,1021,700,0,0,0,0,0,0,0,0,0,0,0,0,3780,636,1,2402,319,149,90,197,431,1780,1544,700,0,0,0,0,0,0,0,0,0,0,0,0,3780,12,1,11778,2038,1769,360,571,700,947,354,299,0,0,0,0,0,0,0,0,0,0,0,0,948,1370,1,3
190,4598,442,370,150,163,610,145,147,128,1140,1163,128,660,782,671,0,0,0,0,0,0,4230,1065,2,7677,127,58,330,360,349,942,1004,671,0,0,0,0,0,0,0,0,0,0,0,0,348,298,1,0,0,0,0,0,0,0,0,0,0,0,0,0,0,0,0,0,0,0,0,0,0,0,0,4438,4739,4583,90,202,671,800,472,700,70,395,700,625,204,174,0,0,0,0,0,0,3780,6523,2,2
191,12642,1661,1069,240,769,815,845,735,371,0,0,0,0,0,0,0,0,0,0,0,0,5220,1958,1,724,460,395,300,330,555,740,632,371,0,0,0,0,0,0,0,0,0,0,0,0,1560,78,1,0,0,0,0,0,0,0,0,0,0,0,0,0,0,0,0,0,0,0,0,0,0,0,0,14585,1635,1600,300,298,371,855,788,308,720,764,308,780,616,411,0,0,0,0,0,0,4020,134,2,2
192,10241,1394,1319,240,247,798,745,529,815,335,477,815,300,162,236,0,0,0,0,0,0,5100,31,2,0,0,0,0,0,0,0,0,0,0,0,0,0,0,0,0,0,0,0,0,0,0,0,0,0,0,0,0,0,0,0,0,0,0,0,0,0,0,0,0,0,0,0,0,0,0,0,0,10111,608,363,120,240,236,90,159,815,590,593,815,295,167,485,0,0,0,0,0,0,5160,246,2,1
193,8671,1585,233,300,1616,555,805,667,371,0,0,0,0,0,0,0,0,0,0,0,0,1560,244,1,7899,1610,1532,210,233,663,255,183,815,1390,1467,815,845,706,371,0,0,0,0,0,0,5220,495,2,13659,14669,14620,300,350,555,805,542,371,0,0,0,0,0,0,0,0,0,0,0,0,1560,177,1,1079,4700,4535,240,382,371,995,923,128,290,162,128,1080,915,721,0,0,0,0,0,0,3960,1558,2,3
194,8547,888,282,150,696,485,175,251,256,0,0,0,0,0,0,0,0,0,0,0,0,1520,1811,1,791,1490,1390,300,373,431,835,554,256,0,0,0,0,0,0,0,0,0,0,0,0,2940,1539,1,8457,705,67,150,728,101,130,213,128,530,455,128,105,6,256,0,0,0,0,0,0,4230,2106,2,5862,2129,1857,240,513,256,885,339,423,0,0,0,0,0,0,0,0,0,0,0,0,3720,9064,1,3
195,13540,30,52,300,351,476,1005,886,671,0,0,0,0,0,0,0,0,0,0,0,0,1200,8136,1,8681,4300,4401,300,155,476,1005,888,671,0,0,0,0,0,0,0,0,0,0,0,0,1200,537,1,3397,1414,847,90,621,700,800,327,671,0,0,0,0,0,0,0,0,0,0,0,0,3780,893,1,12913,5447,5290,90,253,671,815,737,700,2475,2488,700,1195,764,426,0,0,0,0,0,0,3780,70,2,3
196,12639,624,777,780,598,349,780,648,187,0,0,0,0,0,0,0,0,0,0,0,0,460,2114,1,0,0,0,0,0,0,0,0,0,0,0,0,0,0,0,0,0,0,0,0,0,0,0,0,0,0,0,0,0,0,0,0,0,0,0,0,0,0,0,0,0,0,0,0,0,0,0,0,4855,3661,3376,155,382,187,1135,966,349,1790,1970,349,2205,1124,293,0,0,0,0,0,0,1740,522,2,1
197,9438,163,175,150,115,614,455,180,815,0,0,0,0,0,0,0,0,0,0,0,0,3565,838,1,0,0,0,0,0,0,0,0,0,0,0,0,0,0,0,0,0,0,0,0,0,0,0,0,0,0,0,0,0,0,0,0,0,0,0,0,0,0,0,0,0,0,0,0,0,0,0,0,4096,831,163,240,865,815,255,240,610,0,0,0,0,0,0,0,0,0,0,0,0,5160,75,1,1
198,13343,3485,3155,240,530,441,970,871,128,1910,2017,128,1260,1072,571,0,0,0,0,0,0,3960,3071,2,0,0,0,0,0,0,0,0,0,0,0,0,0,0,0,0,0,0,0,0,0,0,0,0,0,0,0,0,0,0,0,0,0,0,0,0,0,0,0,0,0,0,0,0,0,0,0,0,1437,779,181,150,704,571,125,226,128,345,245,128,120,191,361,0,0,0,0,0,0,4230,961,2,1
199,14337,691,507,90,264,700,1935,1424,431,0,0,0,0,0,0,0,0,0,0,0,0,3780,2738,1,3218,1630,1649,300,232,690,750,637,555,155,267,555,415,341,431,0,0,0,0,0,0,1140,10199,2,0,0,0,0,0,0,0,0,0,0,0,0,0,0,0,0,0,0,0,0,0,0,0,0,8265,347,122,90,305,431,1780,1416,700,385,696,700,1080,721,113,0,0,0,0,0,0,3780,894,2,2
